id,internal_name,category,user_visible_name,OEM,platform,ecu_address,ecu_name,protocol,session,read_operation,write_operation,value_type,allowed_values,confidence,status
DIAG_AUTOSCAN,autoscan_full_gateway_discovery,Diagnostics,Full Diagnostic Scan (AutoScan),"VAG (VW, Audi, Skoda, SEAT)",PQ35 / MQB / MLB / MLBevo,0x19,CAN_GATEWAY,UDS (ISO 14229) / TP2.0 (KWP2000),Default (0x01) / Extended (0x03),,,Structured Record List,List of installed ECUs with FaultCode models,VERIFIED,Production-Ready
DIAG_CLEAR_DTC,clear_fault_codes_all_groups,Diagnostics,Clear Fault Codes (DTC Reset),"VAG (VW, Audi, Skoda, SEAT)",PQ35 / MQB / MLB / MLBevo,All Discovered ECUs,MULTI_ECU,UDS / KWP2000,Extended Diagnostic Session (0x10 0x03),,,Command,Execute,VERIFIED,Production-Ready
TOOL_EPB_SERVICE,epb_electronic_parking_brake_service,Service Tools,Electronic Parking Brake (EPB) Retract / Close,"VAG (VW, Audi, Skoda, SEAT)",PQ35 / MQB / MLB,0x53,"PARKING_BRAKE (Tx: 0x752, Rx: 0x7BC)",UDS (ISO 14229),Extended Diagnostic Session (10 03),,,Procedure,"Open Pistons, Close Pistons, Calibrate Thickness",VERIFIED,Production-Ready
TOOL_DPF_REGENERATION,dpf_diesel_particulate_filter_regeneration,Service Tools,DPF Regeneration (Service / Emergency),"VAG (VW, Audi, Skoda, SEAT)",PQ35 / MQB / MLB,0x01,"ENGINE (Tx: 0x7E0, Rx: 0x7E8)",UDS (ISO 14229),Extended Diagnostic Session (10 03),,,Procedure,"Start Stationary Regen, Start Driving Regen",VERIFIED,Production-Ready
TOOL_BATTERY_REGISTRATION,battery_registration_adaptation,Service Tools,Battery Registration (New Battery Coding),"VAG (VW, Audi, Skoda, SEAT)",PQ35 / MQB / MLB,0x19,"CAN_GATEWAY (Tx: 0x710, Rx: 0x77A) or BATTERY_REG (0x61)",UDS / KWP2000,Extended Diagnostic Session (10 03),,,Structured Parameters,"Capacity: 40-110 Ah; Tech: Fleece/AGM, EFB, Wet; Mfr: VTA, JCB, MLA, TU3",VERIFIED,Production-Ready
TOOL_SERVICE_RESET,service_indicator_wiv_reset,Service Tools,Service Indicator Reset (Oil & Inspection),"VAG (VW, Audi, Skoda, SEAT)",PQ35 / MQB / MLB,0x17,"INSTRUMENT_CLUSTER (Tx: 0x714, Rx: 0x77E)",UDS / KWP2000,Extended Diagnostic Session (10 03),,,Procedure,"Reset Oil Service, Reset Inspection Service",VERIFIED,Production-Ready
FEAT_0001_TODO,car_setting_TODO,Other,Todo,"VAG (VW, Audi, Skoda, SEAT)",PQ35 / MQB / MLB,0x09,CENTRAL_ELECTRICS,UDS / KWP2000,Extended Diagnostic Session (0x10 0x03),ReadDataByIdentifier DID 0xF1A3 (Long Coding),WriteDataByIdentifier DID 0xF1A3 (Long Coding),MultipleChoice,Yes / No,VERIFIED,Production-Ready
FEAT_0002_AC_REFRIGERANT_SHORTAGE_CHECK,car_setting_ac_refrigerant_shortage_check,Heater & A/C,Ac Refrigerant Shortage Check,"VAG (VW, Audi, Skoda, SEAT)",PQ35 / MQB / MLB,0x01,ENGINE,UDS / KWP2000,Extended Diagnostic Session (0x10 0x03),ReadDataByIdentifier (0x22) / Adaptation Read (0x2A),WriteDataByIdentifier (0x2E) / Adaptation Write (0x2E),MultipleChoice,Yes / No,VERIFIED,Production-Ready
FEAT_0003_ACC_OVERTAKING_ON_RIGHT,car_setting_acc_overtaking_on_right,Driver Assist,Adaptive cruise control overtaking on the right,"VAG (VW, Audi, Skoda, SEAT)",PQ35 / MQB / MLB,0x13,AUTO_DIST_REG,UDS,Extended Diagnostic Session (0x10 0x03),ReadDataByIdentifier DID 0xF1A3 (Long Coding),WriteDataByIdentifier DID 0xF1A3 (Long Coding),MultipleChoice,Yes / No,VERIFIED,Production-Ready
FEAT_0004_ADS_AMI_MENU,car_setting_ads_ami_menu,Audi Drive Select (ADS),Ads Ami Menu,"VAG (VW, Audi, Skoda, SEAT)",PQ35 / MQB / MLB,0x5F,INFOTAINMENT,UDS,Extended Diagnostic Session (0x10 0x03),ReadDataByIdentifier DID 0xF1A3 (Long Coding),WriteDataByIdentifier DID 0xF1A3 (Long Coding),MultipleChoice,Yes / No,VERIFIED,Production-Ready
FEAT_0005_ADS_ENGINE_MENU,car_setting_ads_engine_menu,Audi Drive Select (ADS),Show engine option in ADS menu,"VAG (VW, Audi, Skoda, SEAT)",PQ35 / MQB / MLB,0x01,ENGINE,UDS / KWP2000,Extended Diagnostic Session (0x10 0x03),ReadDataByIdentifier DID 0xF1A3 (Long Coding),WriteDataByIdentifier DID 0xF1A3 (Long Coding),MultipleChoice,Yes / No,VERIFIED,Production-Ready
FEAT_0006_ADS_MODE_RACE,car_setting_ads_mode_race,Audi Drive Select (ADS),Ads Mode Race,"VAG (VW, Audi, Skoda, SEAT)",PQ35 / MQB / MLB,0x5F,INFOTAINMENT,UDS,Extended Diagnostic Session (0x10 0x03),ReadDataByIdentifier DID 0xF1A3 (Long Coding),WriteDataByIdentifier DID 0xF1A3 (Long Coding),MultipleChoice,Yes / No,VERIFIED,Production-Ready
FEAT_0007_ADS_STEERING_MENU,car_setting_ads_steering_menu,Audi Drive Select (ADS),Show steering option in ADS menu,"VAG (VW, Audi, Skoda, SEAT)",PQ35 / MQB / MLB,0x5F,INFOTAINMENT,UDS,Extended Diagnostic Session (0x10 0x03),ReadDataByIdentifier DID 0xF1A3 (Long Coding),WriteDataByIdentifier DID 0xF1A3 (Long Coding),MultipleChoice,Yes / No,VERIFIED,Production-Ready
FEAT_0008_AGM_70_AH_600_CCA_H6,car_setting_agm_70_ah_600_cca_h6,Other,AGM 70Ah 600CCA H6,"VAG (VW, Audi, Skoda, SEAT)",PQ35 / MQB / MLB,0x09,CENTRAL_ELECTRICS,UDS / KWP2000,Extended Diagnostic Session (0x10 0x03),ReadDataByIdentifier DID 0xF1A3 (Long Coding),WriteDataByIdentifier DID 0xF1A3 (Long Coding),MultipleChoice,Yes / No,VERIFIED,Production-Ready
FEAT_0009_AGM_80_AH_700_CCA_H7,car_setting_agm_80_ah_700_cca_h7,Other,AGM 80Ah 700CCA H7,"VAG (VW, Audi, Skoda, SEAT)",PQ35 / MQB / MLB,0x09,CENTRAL_ELECTRICS,UDS / KWP2000,Extended Diagnostic Session (0x10 0x03),ReadDataByIdentifier DID 0xF1A3 (Long Coding),WriteDataByIdentifier DID 0xF1A3 (Long Coding),MultipleChoice,Yes / No,VERIFIED,Production-Ready
FEAT_0010_AGM_80_AH_700_CCA_T7,car_setting_agm_80_ah_700_cca_t7,Other,AGM 80Ah 700CCA T7,"VAG (VW, Audi, Skoda, SEAT)",PQ35 / MQB / MLB,0x09,CENTRAL_ELECTRICS,UDS / KWP2000,Extended Diagnostic Session (0x10 0x03),ReadDataByIdentifier DID 0xF1A3 (Long Coding),WriteDataByIdentifier DID 0xF1A3 (Long Coding),MultipleChoice,Yes / No,VERIFIED,Production-Ready
FEAT_0011_ALARM,car_setting_alarm,Locking: Doors & Alarm,Alarm system,"VAG (VW, Audi, Skoda, SEAT)",PQ35 / MQB / MLB,0x09,CENTRAL_ELECTRICS,UDS / KWP2000,Extended Diagnostic Session (0x10 0x03),ReadDataByIdentifier DID 0xF1A3 (Long Coding),WriteDataByIdentifier DID 0xF1A3 (Long Coding),MultipleChoice,Yes / No,VERIFIED,Production-Ready
FEAT_0012_ALLOW_CONFIG_BEEP_ON_LOCK_UNLOCK_REMOTE,car_setting_allow_config_beep_on_lock_unlock_remote,Locking: Beep & Blink,Allow configuring beep when locking/unlocking,"VAG (VW, Audi, Skoda, SEAT)",PQ35 / MQB / MLB,0x09,CENTRAL_ELECTRICS,UDS / KWP2000,Extended Diagnostic Session (0x10 0x03),ReadDataByIdentifier DID 0xF1A3 (Long Coding),WriteDataByIdentifier DID 0xF1A3 (Long Coding),MultipleChoice,Enabled / Disabled,VERIFIED,Production-Ready
FEAT_0013_ALLOW_CONFIG_SOUND_ON_LOCK_UNLOCK_REMOTE,car_setting_allow_config_sound_on_lock_unlock_remote,Other,Allow Config Sound On Lock Unlock Remote,"VAG (VW, Audi, Skoda, SEAT)",PQ35 / MQB / MLB,0x09,CENTRAL_ELECTRICS,UDS / KWP2000,Extended Diagnostic Session (0x10 0x03),ReadDataByIdentifier DID 0xF1A3 (Long Coding),WriteDataByIdentifier DID 0xF1A3 (Long Coding),MultipleChoice,Enabled / Disabled,VERIFIED,Production-Ready
FEAT_0014_ALLOW_RAIN_CLOSING,car_setting_allow_rain_closing,Windows & Sunroof,Allow rain closing,"VAG (VW, Audi, Skoda, SEAT)",PQ35 / MQB / MLB,0x09,CENTRAL_ELECTRICS,UDS / KWP2000,Extended Diagnostic Session (0x10 0x03),ReadDataByIdentifier DID 0xF1A3 (Long Coding),WriteDataByIdentifier DID 0xF1A3 (Long Coding),MultipleChoice,Enabled / Disabled,VERIFIED,Production-Ready
FEAT_0015_AMBIENT_CENTRAL_CONSOLE_LIGHTING_MULTICOLOR,car_setting_ambient_central_console_lighting_multicolor,Lights: Interior,Ambient Central Console Lighting Multicolor,"VAG (VW, Audi, Skoda, SEAT)",PQ35 / MQB / MLB,0x09,CENTRAL_ELECTRICS,UDS / KWP2000,Extended Diagnostic Session (0x10 0x03),ReadDataByIdentifier DID 0xF1A3 (Long Coding),WriteDataByIdentifier DID 0xF1A3 (Long Coding),MultipleChoice,Yes / No,VERIFIED,Production-Ready
FEAT_0016_AMBIENT_COCKPIT_LIGHTING_MULTICOLOR,car_setting_ambient_cockpit_lighting_multicolor,Lights: Interior,Ambient Cockpit Lighting Multicolor,"VAG (VW, Audi, Skoda, SEAT)",PQ35 / MQB / MLB,0x09,CENTRAL_ELECTRICS,UDS / KWP2000,Extended Diagnostic Session (0x10 0x03),ReadDataByIdentifier DID 0xF1A3 (Long Coding),WriteDataByIdentifier DID 0xF1A3 (Long Coding),MultipleChoice,Yes / No,VERIFIED,Production-Ready
FEAT_0017_AMBIENT_DOOR_LIGHTING_MULTICOLOR,car_setting_ambient_door_lighting_multicolor,Lights: Interior,Ambient Door Lighting Multicolor,"VAG (VW, Audi, Skoda, SEAT)",PQ35 / MQB / MLB,0x09,CENTRAL_ELECTRICS,UDS / KWP2000,Extended Diagnostic Session (0x10 0x03),ReadDataByIdentifier DID 0xF1A3 (Long Coding),WriteDataByIdentifier DID 0xF1A3 (Long Coding),MultipleChoice,Yes / No,VERIFIED,Production-Ready
FEAT_0018_AMBIENT_LIGHTING_COLOR_CHOICE_VIA_DRIVING_MODE,car_setting_ambient_lighting_color_choice_via_driving_mode,Lights: Interior,Ambient Lighting Color Choice Via Driving Mode,"VAG (VW, Audi, Skoda, SEAT)",PQ35 / MQB / MLB,0x09,CENTRAL_ELECTRICS,UDS / KWP2000,Extended Diagnostic Session (0x10 0x03),ReadDataByIdentifier DID 0xF1A3 (Long Coding),WriteDataByIdentifier DID 0xF1A3 (Long Coding),MultipleChoice,Yes / No,VERIFIED,Production-Ready
FEAT_0019_AMBIENT_LIGHTING_COLOR_CHOICE_VIA_MENU,car_setting_ambient_lighting_color_choice_via_menu,Lights: Interior,Ambient Lighting Color Choice Via Menu,"VAG (VW, Audi, Skoda, SEAT)",PQ35 / MQB / MLB,0x09,CENTRAL_ELECTRICS,UDS / KWP2000,Extended Diagnostic Session (0x10 0x03),ReadDataByIdentifier DID 0xF1A3 (Long Coding),WriteDataByIdentifier DID 0xF1A3 (Long Coding),MultipleChoice,Yes / No,VERIFIED,Production-Ready
FEAT_0020_AMBIENT_LIGHTING_MENU,car_setting_ambient_lighting_menu,Lights: Interior,Ambient Lighting Menu,"VAG (VW, Audi, Skoda, SEAT)",PQ35 / MQB / MLB,0x09,CENTRAL_ELECTRICS,UDS / KWP2000,Extended Diagnostic Session (0x10 0x03),ReadDataByIdentifier DID 0xF1A3 (Long Coding),WriteDataByIdentifier DID 0xF1A3 (Long Coding),MultipleChoice,Yes / No,VERIFIED,Production-Ready
FEAT_0021_AMBIENT_LIGHTING_MENU_ADD_OFF_SWITCH,car_setting_ambient_lighting_menu_add_off_switch,Lights: Interior,Ambient Lighting Menu Add Off Switch,"VAG (VW, Audi, Skoda, SEAT)",PQ35 / MQB / MLB,0x09,CENTRAL_ELECTRICS,UDS / KWP2000,Extended Diagnostic Session (0x10 0x03),ReadDataByIdentifier DID 0xF1A3 (Long Coding),WriteDataByIdentifier DID 0xF1A3 (Long Coding),MultipleChoice,Yes / No,VERIFIED,Production-Ready
FEAT_0022_AMBIENT_ROOF_LIGHTING_MULTICOLOR,car_setting_ambient_roof_lighting_multicolor,Lights: Interior,Ambient Roof Lighting Multicolor,"VAG (VW, Audi, Skoda, SEAT)",PQ35 / MQB / MLB,0x09,CENTRAL_ELECTRICS,UDS / KWP2000,Extended Diagnostic Session (0x10 0x03),ReadDataByIdentifier DID 0xF1A3 (Long Coding),WriteDataByIdentifier DID 0xF1A3 (Long Coding),MultipleChoice,Yes / No,VERIFIED,Production-Ready
FEAT_0023_AMBIENT_SPEAKERS_LIGHTING_MULTICOLOR,car_setting_ambient_speakers_lighting_multicolor,Lights: Interior,Ambient Speakers Lighting Multicolor,"VAG (VW, Audi, Skoda, SEAT)",PQ35 / MQB / MLB,0x09,CENTRAL_ELECTRICS,UDS / KWP2000,Extended Diagnostic Session (0x10 0x03),ReadDataByIdentifier DID 0xF1A3 (Long Coding),WriteDataByIdentifier DID 0xF1A3 (Long Coding),MultipleChoice,Yes / No,VERIFIED,Production-Ready
FEAT_0024_AMBIENT_SUNROOF_LIGHTING_MULTICOLOR,car_setting_ambient_sunroof_lighting_multicolor,Lights: Interior,Ambient Sunroof Lighting Multicolor,"VAG (VW, Audi, Skoda, SEAT)",PQ35 / MQB / MLB,0x09,CENTRAL_ELECTRICS,UDS / KWP2000,Extended Diagnostic Session (0x10 0x03),ReadDataByIdentifier DID 0xF1A3 (Long Coding),WriteDataByIdentifier DID 0xF1A3 (Long Coding),MultipleChoice,Yes / No,VERIFIED,Production-Ready
FEAT_0025_AMBIENT_TEMPERATURE_DISPLAY,car_setting_ambient_temperature_display,Lights: Interior,Ambient temperature display,"VAG (VW, Audi, Skoda, SEAT)",PQ35 / MQB / MLB,0x09,CENTRAL_ELECTRICS,UDS / KWP2000,Extended Diagnostic Session (0x10 0x03),ReadDataByIdentifier DID 0xF1A3 (Long Coding),WriteDataByIdentifier DID 0xF1A3 (Long Coding),Numerical,Range / Percentage / Value steps,VERIFIED,Production-Ready
FEAT_0026_ANTI_KEY_LOCK_FUNCTION,car_setting_anti_key_lock_function,Other,Reminder if key is still in the vehicle,"VAG (VW, Audi, Skoda, SEAT)",PQ35 / MQB / MLB,0x09,CENTRAL_ELECTRICS,UDS / KWP2000,Extended Diagnostic Session (0x10 0x03),ReadDataByIdentifier DID 0xF1A3 (Long Coding),WriteDataByIdentifier DID 0xF1A3 (Long Coding),MultipleChoice,Yes / No,VERIFIED,Production-Ready
FEAT_0027_AUTO_FOLD_MIRROR_PASSENGER,car_setting_auto_fold_mirror_passenger,Mirrors,Auto fold passenger's side-view mirror (req. power folding mirrors),"VAG (VW, Audi, Skoda, SEAT)",PQ35 / MQB / MLB,0x52,PASSENGER_DOOR,UDS / KWP2000,Extended Diagnostic Session (0x10 0x03),ReadDataByIdentifier DID 0xF1A3 (Long Coding),WriteDataByIdentifier DID 0xF1A3 (Long Coding),MultipleChoice,Yes / No,VERIFIED,Production-Ready
FEAT_0028_AUTO_FOLD_MIRRORS,car_setting_auto_fold_mirrors,Mirrors,Auto fold side-view mirrors (req. power folding mirrors),"VAG (VW, Audi, Skoda, SEAT)",PQ35 / MQB / MLB,0x09,CENTRAL_ELECTRICS,UDS / KWP2000,Extended Diagnostic Session (0x10 0x03),ReadDataByIdentifier DID 0xF1A3 (Long Coding),WriteDataByIdentifier DID 0xF1A3 (Long Coding),MultipleChoice,Yes / No,VERIFIED,Production-Ready
FEAT_0029_AUTO_FOLD_MIRRORS_DRIVER_STEP_1,car_setting_auto_fold_mirrors_driver_step_1,Mirrors,Auto fold driver-side mirror (req. power folding mirrors) (step 1 of 2),"VAG (VW, Audi, Skoda, SEAT)",PQ35 / MQB / MLB,0x09,CENTRAL_ELECTRICS,UDS / KWP2000,Extended Diagnostic Session (0x10 0x03),ReadDataByIdentifier DID 0xF1A3 (Long Coding),WriteDataByIdentifier DID 0xF1A3 (Long Coding),MultipleChoice,Yes / No,VERIFIED,Production-Ready
FEAT_0030_AUTO_FOLD_MIRRORS_DRIVER_STEP_2,car_setting_auto_fold_mirrors_driver_step_2,Mirrors,Auto fold driver-side mirror (req. power folding mirrors) (step 2 of 2),"VAG (VW, Audi, Skoda, SEAT)",PQ35 / MQB / MLB,0x09,CENTRAL_ELECTRICS,UDS / KWP2000,Extended Diagnostic Session (0x10 0x03),ReadDataByIdentifier DID 0xF1A3 (Long Coding),WriteDataByIdentifier DID 0xF1A3 (Long Coding),MultipleChoice,Yes / No,VERIFIED,Production-Ready
FEAT_0031_AUTO_FOLD_MIRRORS_IN_INFOTAINMENT,car_setting_auto_fold_mirrors_in_infotainment,Mirrors,Allow configuring auto-folding mirrors in infotainment,"VAG (VW, Audi, Skoda, SEAT)",PQ35 / MQB / MLB,0x09,CENTRAL_ELECTRICS,UDS / KWP2000,Extended Diagnostic Session (0x10 0x03),ReadDataByIdentifier DID 0xF1A3 (Long Coding),WriteDataByIdentifier DID 0xF1A3 (Long Coding),MultipleChoice,Yes / No,VERIFIED,Production-Ready
FEAT_0032_AUTO_FOLD_MIRRORS_OVERALL,car_setting_auto_fold_mirrors_overall,Mirrors,Allow auto-folding mirrors,"VAG (VW, Audi, Skoda, SEAT)",PQ35 / MQB / MLB,0x09,CENTRAL_ELECTRICS,UDS / KWP2000,Extended Diagnostic Session (0x10 0x03),ReadDataByIdentifier DID 0xF1A3 (Long Coding),WriteDataByIdentifier DID 0xF1A3 (Long Coding),MultipleChoice,Yes / No,VERIFIED,Production-Ready
FEAT_0033_AUTO_FOLD_MIRRORS_PASSENGER_STEP_1,car_setting_auto_fold_mirrors_passenger_step_1,Mirrors,Auto fold passenger-side mirror (req. power folding mirrors) (step 1 of 2),"VAG (VW, Audi, Skoda, SEAT)",PQ35 / MQB / MLB,0x09,CENTRAL_ELECTRICS,UDS / KWP2000,Extended Diagnostic Session (0x10 0x03),ReadDataByIdentifier DID 0xF1A3 (Long Coding),WriteDataByIdentifier DID 0xF1A3 (Long Coding),MultipleChoice,Yes / No,VERIFIED,Production-Ready
FEAT_0034_AUTO_FOLD_MIRRORS_PASSENGER_STEP_2,car_setting_auto_fold_mirrors_passenger_step_2,Mirrors,Auto fold passenger-side mirror (req. power folding mirrors) (step 2 of 2),"VAG (VW, Audi, Skoda, SEAT)",PQ35 / MQB / MLB,0x09,CENTRAL_ELECTRICS,UDS / KWP2000,Extended Diagnostic Session (0x10 0x03),ReadDataByIdentifier DID 0xF1A3 (Long Coding),WriteDataByIdentifier DID 0xF1A3 (Long Coding),MultipleChoice,Yes / No,VERIFIED,Production-Ready
FEAT_0035_AUTO_FOLD_MIRRORS_REMOTE_MODE,car_setting_auto_fold_mirrors_remote_mode,Mirrors,Auto fold mirrors via…,"VAG (VW, Audi, Skoda, SEAT)",PQ35 / MQB / MLB,0x09,CENTRAL_ELECTRICS,UDS / KWP2000,Extended Diagnostic Session (0x10 0x03),ReadDataByIdentifier DID 0xF1A3 (Long Coding),WriteDataByIdentifier DID 0xF1A3 (Long Coding),MultipleChoice,Yes / No,VERIFIED,Production-Ready
FEAT_0036_AUTO_HEADLIGHTS_ABOVE_140_KPH,car_setting_auto_headlights_above_140_kph,Lights: Automatic,Auto Headlights Above 140 Kph,"VAG (VW, Audi, Skoda, SEAT)",PQ35 / MQB / MLB,0x09,CENTRAL_ELECTRICS,UDS / KWP2000,Extended Diagnostic Session (0x10 0x03),ReadDataByIdentifier DID 0xF1A3 (Long Coding),WriteDataByIdentifier DID 0xF1A3 (Long Coding),MultipleChoice,Yes / No,VERIFIED,Production-Ready
FEAT_0037_AUTO_HOLD_WITHOUT_SEAT_BELT,car_setting_auto_hold_without_seat_belt,Dings & Warnings,Auto Hold Without Seat Belt,"VAG (VW, Audi, Skoda, SEAT)",PQ35 / MQB / MLB,0x17,INSTRUMENT_CLUSTER,UDS / KWP2000,Extended Diagnostic Session (0x10 0x03),ReadDataByIdentifier DID 0xF1A3 (Long Coding),WriteDataByIdentifier DID 0xF1A3 (Long Coding),MultipleChoice,Yes / No,VERIFIED,Production-Ready
FEAT_0038_AUTO_LIGHTS_SENSITIVITY,car_setting_auto_lights_sensitivity,Other,Auto headlights activation threshold,"VAG (VW, Audi, Skoda, SEAT)",PQ35 / MQB / MLB,0x09,CENTRAL_ELECTRICS,UDS / KWP2000,Extended Diagnostic Session (0x10 0x03),ReadDataByIdentifier DID 0xF1A3 (Long Coding),WriteDataByIdentifier DID 0xF1A3 (Long Coding),MultipleChoice,Yes / No,VERIFIED,Production-Ready
FEAT_0039_AUTO_LOCK_WHEN_MOVING,car_setting_auto_lock_when_moving,Locking: Automatic,Auto-lock doors when moving,"VAG (VW, Audi, Skoda, SEAT)",PQ35 / MQB / MLB,0x09,CENTRAL_ELECTRICS,UDS / KWP2000,Extended Diagnostic Session (0x10 0x03),ReadDataByIdentifier DID 0xF1A3 (Long Coding),WriteDataByIdentifier DID 0xF1A3 (Long Coding),MultipleChoice,Yes / No,VERIFIED,Production-Ready
FEAT_0040_AUTO_RELOCK_TIME,car_setting_auto_relock_time,Other,"Re-lock doors automatically if you unlock, but don't open a door within…","VAG (VW, Audi, Skoda, SEAT)",PQ35 / MQB / MLB,0x09,CENTRAL_ELECTRICS,UDS / KWP2000,Extended Diagnostic Session (0x10 0x03),ReadDataByIdentifier DID 0xF1A3 (Long Coding),WriteDataByIdentifier DID 0xF1A3 (Long Coding),Numerical,Range / Percentage / Value steps,VERIFIED,Production-Ready
FEAT_0041_AUTO_UNFOLD_MIRRORS,car_setting_auto_unfold_mirrors,Mirrors,Auto unfold side-view mirrors,"VAG (VW, Audi, Skoda, SEAT)",PQ35 / MQB / MLB,0x09,CENTRAL_ELECTRICS,UDS / KWP2000,Extended Diagnostic Session (0x10 0x03),ReadDataByIdentifier DID 0xF1A3 (Long Coding),WriteDataByIdentifier DID 0xF1A3 (Long Coding),MultipleChoice,Yes / No,VERIFIED,Production-Ready
FEAT_0042_AUTO_UNLOCK,car_setting_auto_unlock,Locking: Automatic,Auto-unlock doors when key is taken out of ignition,"VAG (VW, Audi, Skoda, SEAT)",PQ35 / MQB / MLB,0x09,CENTRAL_ELECTRICS,UDS / KWP2000,Extended Diagnostic Session (0x10 0x03),ReadDataByIdentifier DID 0xF1A3 (Long Coding),WriteDataByIdentifier DID 0xF1A3 (Long Coding),MultipleChoice,Yes / No,VERIFIED,Production-Ready
FEAT_0043_AUTO_UNLOCK_DOORS_AFTER_CRASH,car_setting_auto_unlock_doors_after_crash,Locking: Automatic,Auto Unlock Doors After Crash,"VAG (VW, Audi, Skoda, SEAT)",PQ35 / MQB / MLB,0x09,CENTRAL_ELECTRICS,UDS / KWP2000,Extended Diagnostic Session (0x10 0x03),ReadDataByIdentifier DID 0xF1A3 (Long Coding),WriteDataByIdentifier DID 0xF1A3 (Long Coding),MultipleChoice,Yes / No,VERIFIED,Production-Ready
FEAT_0044_AUTO_UNLOCK_PARKED,car_setting_auto_unlock_parked,Locking: Automatic,Auto-unlock doors when shifting into park (P),"VAG (VW, Audi, Skoda, SEAT)",PQ35 / MQB / MLB,0x09,CENTRAL_ELECTRICS,UDS / KWP2000,Extended Diagnostic Session (0x10 0x03),ReadDataByIdentifier DID 0xF1A3 (Long Coding),WriteDataByIdentifier DID 0xF1A3 (Long Coding),MultipleChoice,Yes / No,VERIFIED,Production-Ready
FEAT_0045_AUTO_UNLOCK_WHEN_SMART_KEY_NEAR,car_setting_auto_unlock_when_smart_key_near,Locking: Automatic,Auto Unlock When Smart Key Near,"VAG (VW, Audi, Skoda, SEAT)",PQ35 / MQB / MLB,0x09,CENTRAL_ELECTRICS,UDS / KWP2000,Extended Diagnostic Session (0x10 0x03),ReadDataByIdentifier DID 0xF1A3 (Long Coding),WriteDataByIdentifier DID 0xF1A3 (Long Coding),MultipleChoice,Yes / No,VERIFIED,Production-Ready
FEAT_0046_AUTOMATIC_DRIVEAWAY_AFTER_SHORT_STOP_STEP_1,car_setting_automatic_driveaway_after_short_stop_step_1,Other,Automatic Driveaway After Short Stop Step 1,"VAG (VW, Audi, Skoda, SEAT)",PQ35 / MQB / MLB,0x09,CENTRAL_ELECTRICS,UDS / KWP2000,Extended Diagnostic Session (0x10 0x03),ReadDataByIdentifier DID 0xF1A3 (Long Coding),WriteDataByIdentifier DID 0xF1A3 (Long Coding),MultipleChoice,Yes / No,VERIFIED,Production-Ready
FEAT_0047_AUTOMATIC_DRIVEAWAY_AFTER_SHORT_STOP_STEP_2,car_setting_automatic_driveaway_after_short_stop_step_2,Other,Automatic Driveaway After Short Stop Step 2,"VAG (VW, Audi, Skoda, SEAT)",PQ35 / MQB / MLB,0x09,CENTRAL_ELECTRICS,UDS / KWP2000,Extended Diagnostic Session (0x10 0x03),ReadDataByIdentifier DID 0xF1A3 (Long Coding),WriteDataByIdentifier DID 0xF1A3 (Long Coding),MultipleChoice,Yes / No,VERIFIED,Production-Ready
FEAT_0048_AUX_HEATER_UNLOCKED,car_setting_aux_heater_unlocked,Other,Aux. heater unlocked,"VAG (VW, Audi, Skoda, SEAT)",PQ35 / MQB / MLB,0x09,CENTRAL_ELECTRICS,UDS / KWP2000,Extended Diagnostic Session (0x10 0x03),ReadDataByIdentifier DID 0xF1A3 (Long Coding),WriteDataByIdentifier DID 0xF1A3 (Long Coding),MultipleChoice,Yes / No,VERIFIED,Production-Ready
FEAT_0049_BATTERY_105AH_AGM,car_setting_battery_105ah_agm,Other,105 Ah AGM,"VAG (VW, Audi, Skoda, SEAT)",PQ35 / MQB / MLB,0x09,CENTRAL_ELECTRICS,UDS / KWP2000,Extended Diagnostic Session (0x10 0x03),ReadDataByIdentifier DID 0xF1A3 (Long Coding),WriteDataByIdentifier DID 0xF1A3 (Long Coding),MultipleChoice,Yes / No,VERIFIED,Production-Ready
FEAT_0050_BATTERY_110AH,car_setting_battery_110ah,Other,110 Ah,"VAG (VW, Audi, Skoda, SEAT)",PQ35 / MQB / MLB,0x09,CENTRAL_ELECTRICS,UDS / KWP2000,Extended Diagnostic Session (0x10 0x03),ReadDataByIdentifier DID 0xF1A3 (Long Coding),WriteDataByIdentifier DID 0xF1A3 (Long Coding),MultipleChoice,Yes / No,VERIFIED,Production-Ready
FEAT_0051_BATTERY_20AH,car_setting_battery_20ah,Other,20 Ah,"VAG (VW, Audi, Skoda, SEAT)",PQ35 / MQB / MLB,0x09,CENTRAL_ELECTRICS,UDS / KWP2000,Extended Diagnostic Session (0x10 0x03),ReadDataByIdentifier DID 0xF1A3 (Long Coding),WriteDataByIdentifier DID 0xF1A3 (Long Coding),MultipleChoice,Yes / No,VERIFIED,Production-Ready
FEAT_0052_BATTERY_40AH,car_setting_battery_40ah,Other,40 Ah,"VAG (VW, Audi, Skoda, SEAT)",PQ35 / MQB / MLB,0x09,CENTRAL_ELECTRICS,UDS / KWP2000,Extended Diagnostic Session (0x10 0x03),ReadDataByIdentifier DID 0xF1A3 (Long Coding),WriteDataByIdentifier DID 0xF1A3 (Long Coding),MultipleChoice,Yes / No,VERIFIED,Production-Ready
FEAT_0053_BATTERY_40AH_AGM,car_setting_battery_40ah_agm,Other,40 Ah AGM,"VAG (VW, Audi, Skoda, SEAT)",PQ35 / MQB / MLB,0x09,CENTRAL_ELECTRICS,UDS / KWP2000,Extended Diagnostic Session (0x10 0x03),ReadDataByIdentifier DID 0xF1A3 (Long Coding),WriteDataByIdentifier DID 0xF1A3 (Long Coding),MultipleChoice,Yes / No,VERIFIED,Production-Ready
FEAT_0054_BATTERY_46AH,car_setting_battery_46ah,Other,46 Ah,"VAG (VW, Audi, Skoda, SEAT)",PQ35 / MQB / MLB,0x09,CENTRAL_ELECTRICS,UDS / KWP2000,Extended Diagnostic Session (0x10 0x03),ReadDataByIdentifier DID 0xF1A3 (Long Coding),WriteDataByIdentifier DID 0xF1A3 (Long Coding),MultipleChoice,Yes / No,VERIFIED,Production-Ready
FEAT_0055_BATTERY_55AH,car_setting_battery_55ah,Other,55 Ah,"VAG (VW, Audi, Skoda, SEAT)",PQ35 / MQB / MLB,0x09,CENTRAL_ELECTRICS,UDS / KWP2000,Extended Diagnostic Session (0x10 0x03),ReadDataByIdentifier DID 0xF1A3 (Long Coding),WriteDataByIdentifier DID 0xF1A3 (Long Coding),MultipleChoice,Yes / No,VERIFIED,Production-Ready
FEAT_0056_BATTERY_55AH_AGM,car_setting_battery_55ah_agm,Other,55 Ah AGM,"VAG (VW, Audi, Skoda, SEAT)",PQ35 / MQB / MLB,0x09,CENTRAL_ELECTRICS,UDS / KWP2000,Extended Diagnostic Session (0x10 0x03),ReadDataByIdentifier DID 0xF1A3 (Long Coding),WriteDataByIdentifier DID 0xF1A3 (Long Coding),MultipleChoice,Yes / No,VERIFIED,Production-Ready
FEAT_0057_BATTERY_60AH_AGM,car_setting_battery_60ah_agm,Other,60 Ah AGM,"VAG (VW, Audi, Skoda, SEAT)",PQ35 / MQB / MLB,0x09,CENTRAL_ELECTRICS,UDS / KWP2000,Extended Diagnostic Session (0x10 0x03),ReadDataByIdentifier DID 0xF1A3 (Long Coding),WriteDataByIdentifier DID 0xF1A3 (Long Coding),MultipleChoice,Yes / No,VERIFIED,Production-Ready
FEAT_0058_BATTERY_70AH,car_setting_battery_70ah,Other,70 Ah,"VAG (VW, Audi, Skoda, SEAT)",PQ35 / MQB / MLB,0x09,CENTRAL_ELECTRICS,UDS / KWP2000,Extended Diagnostic Session (0x10 0x03),ReadDataByIdentifier DID 0xF1A3 (Long Coding),WriteDataByIdentifier DID 0xF1A3 (Long Coding),MultipleChoice,Yes / No,VERIFIED,Production-Ready
FEAT_0059_BATTERY_70AH_AGM,car_setting_battery_70ah_agm,Other,70 Ah AGM,"VAG (VW, Audi, Skoda, SEAT)",PQ35 / MQB / MLB,0x09,CENTRAL_ELECTRICS,UDS / KWP2000,Extended Diagnostic Session (0x10 0x03),ReadDataByIdentifier DID 0xF1A3 (Long Coding),WriteDataByIdentifier DID 0xF1A3 (Long Coding),MultipleChoice,Yes / No,VERIFIED,Production-Ready
FEAT_0060_BATTERY_70AH_EFB,car_setting_battery_70ah_efb,Other,70 Ah EFB,"VAG (VW, Audi, Skoda, SEAT)",PQ35 / MQB / MLB,0x09,CENTRAL_ELECTRICS,UDS / KWP2000,Extended Diagnostic Session (0x10 0x03),ReadDataByIdentifier DID 0xF1A3 (Long Coding),WriteDataByIdentifier DID 0xF1A3 (Long Coding),MultipleChoice,Yes / No,VERIFIED,Production-Ready
FEAT_0061_BATTERY_80AH,car_setting_battery_80ah,Other,80 Ah,"VAG (VW, Audi, Skoda, SEAT)",PQ35 / MQB / MLB,0x09,CENTRAL_ELECTRICS,UDS / KWP2000,Extended Diagnostic Session (0x10 0x03),ReadDataByIdentifier DID 0xF1A3 (Long Coding),WriteDataByIdentifier DID 0xF1A3 (Long Coding),MultipleChoice,Yes / No,VERIFIED,Production-Ready
FEAT_0062_BATTERY_80AH_AGM,car_setting_battery_80ah_agm,Other,80 Ah AGM,"VAG (VW, Audi, Skoda, SEAT)",PQ35 / MQB / MLB,0x09,CENTRAL_ELECTRICS,UDS / KWP2000,Extended Diagnostic Session (0x10 0x03),ReadDataByIdentifier DID 0xF1A3 (Long Coding),WriteDataByIdentifier DID 0xF1A3 (Long Coding),MultipleChoice,Yes / No,VERIFIED,Production-Ready
FEAT_0063_BATTERY_80AH_EFB,car_setting_battery_80ah_efb,Other,80 Ah EFB,"VAG (VW, Audi, Skoda, SEAT)",PQ35 / MQB / MLB,0x09,CENTRAL_ELECTRICS,UDS / KWP2000,Extended Diagnostic Session (0x10 0x03),ReadDataByIdentifier DID 0xF1A3 (Long Coding),WriteDataByIdentifier DID 0xF1A3 (Long Coding),MultipleChoice,Yes / No,VERIFIED,Production-Ready
FEAT_0064_BATTERY_90AH,car_setting_battery_90ah,Other,90 Ah,"VAG (VW, Audi, Skoda, SEAT)",PQ35 / MQB / MLB,0x09,CENTRAL_ELECTRICS,UDS / KWP2000,Extended Diagnostic Session (0x10 0x03),ReadDataByIdentifier DID 0xF1A3 (Long Coding),WriteDataByIdentifier DID 0xF1A3 (Long Coding),MultipleChoice,Yes / No,VERIFIED,Production-Ready
FEAT_0065_BATTERY_90AH_AGM,car_setting_battery_90ah_agm,Other,90 Ah AGM,"VAG (VW, Audi, Skoda, SEAT)",PQ35 / MQB / MLB,0x09,CENTRAL_ELECTRICS,UDS / KWP2000,Extended Diagnostic Session (0x10 0x03),ReadDataByIdentifier DID 0xF1A3 (Long Coding),WriteDataByIdentifier DID 0xF1A3 (Long Coding),MultipleChoice,Yes / No,VERIFIED,Production-Ready
FEAT_0066_BATTERY_CHARGE_DISPLAY_REQ_INSTR_SUPPORT,car_setting_battery_charge_display_req_instr_support,Other,Battery Charge Display Req Instr Support,"VAG (VW, Audi, Skoda, SEAT)",PQ35 / MQB / MLB,0x09,CENTRAL_ELECTRICS,UDS / KWP2000,Extended Diagnostic Session (0x10 0x03),ReadDataByIdentifier DID 0xF1A3 (Long Coding),WriteDataByIdentifier DID 0xF1A3 (Long Coding),MultipleChoice,Yes / No,VERIFIED,Production-Ready
FEAT_0067_BATTERY_REG,car_setting_battery_reg,Service Tools,Battery registration,"VAG (VW, Audi, Skoda, SEAT)",PQ35 / MQB / MLB,0x19,CAN_GATEWAY,UDS / KWP2000,Extended Diagnostic Session (0x10 0x03),ReadDataByIdentifier DID 0xF1A3 (Long Coding),WriteDataByIdentifier DID 0xF1A3 (Long Coding),MultipleChoice,Yes / No,VERIFIED,Production-Ready
FEAT_0068_BATTERY_TECHNOLOGY,car_setting_battery_technology,Other,Battery technology,"VAG (VW, Audi, Skoda, SEAT)",PQ35 / MQB / MLB,0x09,CENTRAL_ELECTRICS,UDS / KWP2000,Extended Diagnostic Session (0x10 0x03),ReadDataByIdentifier DID 0xF1A3 (Long Coding),WriteDataByIdentifier DID 0xF1A3 (Long Coding),MultipleChoice,Yes / No,VERIFIED,Production-Ready
FEAT_0069_BATTERY_TECHNOLOGY_AGM,car_setting_battery_technology_agm,Other,AGM,"VAG (VW, Audi, Skoda, SEAT)",PQ35 / MQB / MLB,0x09,CENTRAL_ELECTRICS,UDS / KWP2000,Extended Diagnostic Session (0x10 0x03),ReadDataByIdentifier DID 0xF1A3 (Long Coding),WriteDataByIdentifier DID 0xF1A3 (Long Coding),MultipleChoice,Yes / No,VERIFIED,Production-Ready
FEAT_0070_BATTERY_TECHNOLOGY_WET,car_setting_battery_technology_wet,Other,Wet (lead-acid),"VAG (VW, Audi, Skoda, SEAT)",PQ35 / MQB / MLB,0x09,CENTRAL_ELECTRICS,UDS / KWP2000,Extended Diagnostic Session (0x10 0x03),ReadDataByIdentifier DID 0xF1A3 (Long Coding),WriteDataByIdentifier DID 0xF1A3 (Long Coding),MultipleChoice,Yes / No,VERIFIED,Production-Ready
FEAT_0071_BEEP_ON_ALARM_ARMED,car_setting_beep_on_alarm_armed,Locking: Beep & Blink,Beep when alarm is armed,"VAG (VW, Audi, Skoda, SEAT)",PQ35 / MQB / MLB,0x09,CENTRAL_ELECTRICS,UDS / KWP2000,Extended Diagnostic Session (0x10 0x03),ReadDataByIdentifier DID 0xF1A3 (Long Coding),WriteDataByIdentifier DID 0xF1A3 (Long Coding),MultipleChoice,Yes / No,VERIFIED,Production-Ready
FEAT_0072_BEEP_ON_ALARM_ARMED_ENGINE_RUNNING,car_setting_beep_on_alarm_armed_engine_running,Locking: Beep & Blink,Beep On Alarm Armed Engine Running,"VAG (VW, Audi, Skoda, SEAT)",PQ35 / MQB / MLB,0x01,ENGINE,UDS / KWP2000,Extended Diagnostic Session (0x10 0x03),ReadDataByIdentifier DID 0xF1A3 (Long Coding),WriteDataByIdentifier DID 0xF1A3 (Long Coding),MultipleChoice,Yes / No,VERIFIED,Production-Ready
FEAT_0073_BEEP_ON_LOCK_KEY,car_setting_beep_on_lock_key,Locking: Beep & Blink,Beep when locking with key,"VAG (VW, Audi, Skoda, SEAT)",PQ35 / MQB / MLB,0x09,CENTRAL_ELECTRICS,UDS / KWP2000,Extended Diagnostic Session (0x10 0x03),ReadDataByIdentifier DID 0xF1A3 (Long Coding),WriteDataByIdentifier DID 0xF1A3 (Long Coding),MultipleChoice,Yes / No,VERIFIED,Production-Ready
FEAT_0074_BEEP_ON_LOCK_REMOTE,car_setting_beep_on_lock_remote,Locking: Beep & Blink,Beep when locking with remote,"VAG (VW, Audi, Skoda, SEAT)",PQ35 / MQB / MLB,0x09,CENTRAL_ELECTRICS,UDS / KWP2000,Extended Diagnostic Session (0x10 0x03),ReadDataByIdentifier DID 0xF1A3 (Long Coding),WriteDataByIdentifier DID 0xF1A3 (Long Coding),MultipleChoice,Yes / No,VERIFIED,Production-Ready
FEAT_0075_BEEP_ON_LOCK_UNLOCK_REMOTE_DURATION_HORN_ONLY,car_setting_beep_on_lock_unlock_remote_duration_horn_only,Locking: Beep & Blink,Duration of beep when locking/unlocking with remote (horn only),"VAG (VW, Audi, Skoda, SEAT)",PQ35 / MQB / MLB,0x09,CENTRAL_ELECTRICS,UDS / KWP2000,Extended Diagnostic Session (0x10 0x03),ReadDataByIdentifier DID 0xF1A3 (Long Coding),WriteDataByIdentifier DID 0xF1A3 (Long Coding),MultipleChoice,Yes / No,VERIFIED,Production-Ready
FEAT_0076_BEEP_ON_LOCK_UNLOCK_TYPE,car_setting_beep_on_lock_unlock_type,Locking: Beep & Blink,Beep when locking/unlocking doors comes from the…,"VAG (VW, Audi, Skoda, SEAT)",PQ35 / MQB / MLB,0x09,CENTRAL_ELECTRICS,UDS / KWP2000,Extended Diagnostic Session (0x10 0x03),ReadDataByIdentifier DID 0xF1A3 (Long Coding),WriteDataByIdentifier DID 0xF1A3 (Long Coding),MultipleChoice,Yes / No,VERIFIED,Production-Ready
FEAT_0077_BEEP_ON_UNLOCK_REMOTE,car_setting_beep_on_unlock_remote,Locking: Beep & Blink,Beep when unlocking with remote,"VAG (VW, Audi, Skoda, SEAT)",PQ35 / MQB / MLB,0x09,CENTRAL_ELECTRICS,UDS / KWP2000,Extended Diagnostic Session (0x10 0x03),ReadDataByIdentifier DID 0xF1A3 (Long Coding),WriteDataByIdentifier DID 0xF1A3 (Long Coding),MultipleChoice,Yes / No,VERIFIED,Production-Ready
FEAT_0078_BLIND_SPOT_INDICATORS_BRIGHTNESS,car_setting_blind_spot_indicators_brightness,Other,Blind spot indicators brightness,"VAG (VW, Audi, Skoda, SEAT)",PQ35 / MQB / MLB,0x09,CENTRAL_ELECTRICS,UDS / KWP2000,Extended Diagnostic Session (0x10 0x03),ReadDataByIdentifier DID 0xF1A3 (Long Coding),WriteDataByIdentifier DID 0xF1A3 (Long Coding),Numerical,Range / Percentage / Value steps,VERIFIED,Production-Ready
FEAT_0079_BLINDSPOT_VOLUME,car_setting_blindspot_volume,Other,Blind Spot Monitoring (BSM) volume,"VAG (VW, Audi, Skoda, SEAT)",PQ35 / MQB / MLB,0x09,CENTRAL_ELECTRICS,UDS / KWP2000,Extended Diagnostic Session (0x10 0x03),ReadDataByIdentifier DID 0xF1A3 (Long Coding),WriteDataByIdentifier DID 0xF1A3 (Long Coding),Numerical,Range / Percentage / Value steps,VERIFIED,Production-Ready
FEAT_0080_BLINK_ON_LOCK_KEY,car_setting_blink_on_lock_key,Locking: Beep & Blink,Blink turn signals when locking with key,"VAG (VW, Audi, Skoda, SEAT)",PQ35 / MQB / MLB,0x09,CENTRAL_ELECTRICS,UDS / KWP2000,Extended Diagnostic Session (0x10 0x03),ReadDataByIdentifier DID 0xF1A3 (Long Coding),WriteDataByIdentifier DID 0xF1A3 (Long Coding),MultipleChoice,Yes / No,VERIFIED,Production-Ready
FEAT_0081_BLINK_ON_LOCK_REMOTE,car_setting_blink_on_lock_remote,Locking: Beep & Blink,Blink turn signals when locking with remote,"VAG (VW, Audi, Skoda, SEAT)",PQ35 / MQB / MLB,0x09,CENTRAL_ELECTRICS,UDS / KWP2000,Extended Diagnostic Session (0x10 0x03),ReadDataByIdentifier DID 0xF1A3 (Long Coding),WriteDataByIdentifier DID 0xF1A3 (Long Coding),MultipleChoice,Yes / No,VERIFIED,Production-Ready
FEAT_0082_BLINK_ON_LOCK_UNLOCK_REMOTE,car_setting_blink_on_lock_unlock_remote,Locking: Beep & Blink,Blink turn signals when locking/unlocking with remote,"VAG (VW, Audi, Skoda, SEAT)",PQ35 / MQB / MLB,0x09,CENTRAL_ELECTRICS,UDS / KWP2000,Extended Diagnostic Session (0x10 0x03),ReadDataByIdentifier DID 0xF1A3 (Long Coding),WriteDataByIdentifier DID 0xF1A3 (Long Coding),MultipleChoice,Yes / No,VERIFIED,Production-Ready
FEAT_0083_BLINK_ON_UNLOCK_KEY,car_setting_blink_on_unlock_key,Locking: Beep & Blink,Blink turn signals when unlocking with key,"VAG (VW, Audi, Skoda, SEAT)",PQ35 / MQB / MLB,0x09,CENTRAL_ELECTRICS,UDS / KWP2000,Extended Diagnostic Session (0x10 0x03),ReadDataByIdentifier DID 0xF1A3 (Long Coding),WriteDataByIdentifier DID 0xF1A3 (Long Coding),MultipleChoice,Yes / No,VERIFIED,Production-Ready
FEAT_0084_BLINK_ON_UNLOCK_REMOTE,car_setting_blink_on_unlock_remote,Locking: Beep & Blink,Blink turn signals when unlocking with remote,"VAG (VW, Audi, Skoda, SEAT)",PQ35 / MQB / MLB,0x09,CENTRAL_ELECTRICS,UDS / KWP2000,Extended Diagnostic Session (0x10 0x03),ReadDataByIdentifier DID 0xF1A3 (Long Coding),WriteDataByIdentifier DID 0xF1A3 (Long Coding),MultipleChoice,Yes / No,VERIFIED,Production-Ready
FEAT_0085_BRAKE_ASSIST_STRENGTH,car_setting_brake_assist_strength,Other,Power brakes strength,"VAG (VW, Audi, Skoda, SEAT)",PQ35 / MQB / MLB,0x03,BRAKES_ABS,UDS / KWP2000,Extended Diagnostic Session (0x10 0x03),ReadDataByIdentifier DID 0xF1A3 (Long Coding),WriteDataByIdentifier DID 0xF1A3 (Long Coding),MultipleChoice,Yes / No,VERIFIED,Production-Ready
FEAT_0086_BRAKE_DISC_DRYING,car_setting_brake_disc_drying,Other,Brake Disc Drying,"VAG (VW, Audi, Skoda, SEAT)",PQ35 / MQB / MLB,0x03,BRAKES_ABS,UDS / KWP2000,Extended Diagnostic Session (0x10 0x03),ReadDataByIdentifier DID 0xF1A3 (Long Coding),WriteDataByIdentifier DID 0xF1A3 (Long Coding),MultipleChoice,Yes / No,VERIFIED,Production-Ready
FEAT_0087_BULB_CHECK_ALL_LIGHTS,car_setting_bulb_check_all_lights,Lights: Bulb Checks,Bulb Check All Lights,"VAG (VW, Audi, Skoda, SEAT)",PQ35 / MQB / MLB,0x09,CENTRAL_ELECTRICS,UDS / KWP2000,Extended Diagnostic Session (0x10 0x03),ReadDataByIdentifier DID 0xF1A3 (Long Coding),WriteDataByIdentifier DID 0xF1A3 (Long Coding),MultipleChoice,Yes / No,VERIFIED,Production-Ready
FEAT_0088_BULB_CHECK_DAYTIME_RUNNING_LIGHTS_LEFT_LIGHTS,car_setting_bulb_check_daytime_running_lights_left_lights,Lights: Daytime Running Lights (DRL),Bulb check: daytime running lights (left),"VAG (VW, Audi, Skoda, SEAT)",PQ35 / MQB / MLB,0x09,CENTRAL_ELECTRICS,UDS / KWP2000,Extended Diagnostic Session (0x10 0x03),ReadDataByIdentifier DID 0xF1A3 (Long Coding),WriteDataByIdentifier DID 0xF1A3 (Long Coding),Numerical,Range / Percentage / Value steps,VERIFIED,Production-Ready
FEAT_0089_BULB_CHECK_LICENSE_PLATE_LIGHTS,car_setting_bulb_check_license_plate_lights,Lights: Bulb Checks,Bulb check: license plate lights,"VAG (VW, Audi, Skoda, SEAT)",PQ35 / MQB / MLB,0x09,CENTRAL_ELECTRICS,UDS / KWP2000,Extended Diagnostic Session (0x10 0x03),ReadDataByIdentifier DID 0xF1A3 (Long Coding),WriteDataByIdentifier DID 0xF1A3 (Long Coding),MultipleChoice,Yes / No,VERIFIED,Production-Ready
FEAT_0090_CATEGORY_,car_setting_category_,Other,Category ,"VAG (VW, Audi, Skoda, SEAT)",PQ35 / MQB / MLB,0x09,CENTRAL_ELECTRICS,UDS / KWP2000,Extended Diagnostic Session (0x10 0x03),ReadDataByIdentifier DID 0xF1A3 (Long Coding),WriteDataByIdentifier DID 0xF1A3 (Long Coding),MultipleChoice,Yes / No,VERIFIED,Production-Ready
FEAT_0091_CATEGORY_OTHER,car_setting_category_other,Other,Other,"VAG (VW, Audi, Skoda, SEAT)",PQ35 / MQB / MLB,0x09,CENTRAL_ELECTRICS,UDS / KWP2000,Extended Diagnostic Session (0x10 0x03),ReadDataByIdentifier DID 0xF1A3 (Long Coding),WriteDataByIdentifier DID 0xF1A3 (Long Coding),MultipleChoice,Yes / No,VERIFIED,Production-Ready
FEAT_0092_CENTRAL_LOCKING_BUTTON,car_setting_central_locking_button,Locking: Doors & Alarm,Central Locking Button,"VAG (VW, Audi, Skoda, SEAT)",PQ35 / MQB / MLB,0x09,CENTRAL_ELECTRICS,UDS / KWP2000,Extended Diagnostic Session (0x10 0x03),ReadDataByIdentifier DID 0xF1A3 (Long Coding),WriteDataByIdentifier DID 0xF1A3 (Long Coding),MultipleChoice,Yes / No,VERIFIED,Production-Ready
FEAT_0093_CHANNEL_195,car_setting_channel_195,Other,Channel 195,"VAG (VW, Audi, Skoda, SEAT)",PQ35 / MQB / MLB,0x09,CENTRAL_ELECTRICS,UDS / KWP2000,Extended Diagnostic Session (0x10 0x03),ReadDataByIdentifier (0x22) / Adaptation Read (0x2A),WriteDataByIdentifier (0x2E) / Adaptation Write (0x2E),MultipleChoice,Yes / No,VERIFIED,Production-Ready
FEAT_0094_CHANNEL_196,car_setting_channel_196,Other,Channel 196,"VAG (VW, Audi, Skoda, SEAT)",PQ35 / MQB / MLB,0x09,CENTRAL_ELECTRICS,UDS / KWP2000,Extended Diagnostic Session (0x10 0x03),ReadDataByIdentifier (0x22) / Adaptation Read (0x2A),WriteDataByIdentifier (0x2E) / Adaptation Write (0x2E),MultipleChoice,Yes / No,VERIFIED,Production-Ready
FEAT_0095_CHANNEL_197,car_setting_channel_197,Other,Channel 197,"VAG (VW, Audi, Skoda, SEAT)",PQ35 / MQB / MLB,0x09,CENTRAL_ELECTRICS,UDS / KWP2000,Extended Diagnostic Session (0x10 0x03),ReadDataByIdentifier (0x22) / Adaptation Read (0x2A),WriteDataByIdentifier (0x2E) / Adaptation Write (0x2E),MultipleChoice,Yes / No,VERIFIED,Production-Ready
FEAT_0096_CHANNEL_198,car_setting_channel_198,Other,Channel 198,"VAG (VW, Audi, Skoda, SEAT)",PQ35 / MQB / MLB,0x09,CENTRAL_ELECTRICS,UDS / KWP2000,Extended Diagnostic Session (0x10 0x03),ReadDataByIdentifier (0x22) / Adaptation Read (0x2A),WriteDataByIdentifier (0x2E) / Adaptation Write (0x2E),MultipleChoice,Yes / No,VERIFIED,Production-Ready
FEAT_0097_COMFORT_CLOSE_KEY,car_setting_comfort_close_key,Other,Close windows and sunroof by turning and holding key in door lock,"VAG (VW, Audi, Skoda, SEAT)",PQ35 / MQB / MLB,0x09,CENTRAL_ELECTRICS,UDS / KWP2000,Extended Diagnostic Session (0x10 0x03),ReadDataByIdentifier DID 0xF1A3 (Long Coding),WriteDataByIdentifier DID 0xF1A3 (Long Coding),MultipleChoice,Yes / No,VERIFIED,Production-Ready
FEAT_0098_COMFORT_CLOSE_SUNROOF_KEY,car_setting_comfort_close_sunroof_key,Windows & Sunroof,Close sunroof by turning and holding key in door lock,"VAG (VW, Audi, Skoda, SEAT)",PQ35 / MQB / MLB,0x09,CENTRAL_ELECTRICS,UDS / KWP2000,Extended Diagnostic Session (0x10 0x03),ReadDataByIdentifier DID 0xF1A3 (Long Coding),WriteDataByIdentifier DID 0xF1A3 (Long Coding),MultipleChoice,Yes / No,VERIFIED,Production-Ready
FEAT_0099_COMFORT_CLOSE_WINDOWS_REMOTE,car_setting_comfort_close_windows_remote,Windows & Sunroof,Close windows via long-press on remote,"VAG (VW, Audi, Skoda, SEAT)",PQ35 / MQB / MLB,0x09,CENTRAL_ELECTRICS,UDS / KWP2000,Extended Diagnostic Session (0x10 0x03),ReadDataByIdentifier DID 0xF1A3 (Long Coding),WriteDataByIdentifier DID 0xF1A3 (Long Coding),MultipleChoice,Yes / No,VERIFIED,Production-Ready
FEAT_0100_COMFORT_CLOSE_WINDOWS_REMOTE_SINGLE_PRESS,car_setting_comfort_close_windows_remote_single_press,Windows & Sunroof,Comfort Close Windows Remote Single Press,"VAG (VW, Audi, Skoda, SEAT)",PQ35 / MQB / MLB,0x09,CENTRAL_ELECTRICS,UDS / KWP2000,Extended Diagnostic Session (0x10 0x03),ReadDataByIdentifier DID 0xF1A3 (Long Coding),WriteDataByIdentifier DID 0xF1A3 (Long Coding),MultipleChoice,Yes / No,VERIFIED,Production-Ready
FEAT_0101_COMFORT_FUNCTION_BLINK,car_setting_comfort_function_blink,Locking: Beep & Blink,Blink turn signals when done closing windows via remote,"VAG (VW, Audi, Skoda, SEAT)",PQ35 / MQB / MLB,0x09,CENTRAL_ELECTRICS,UDS / KWP2000,Extended Diagnostic Session (0x10 0x03),ReadDataByIdentifier DID 0xF1A3 (Long Coding),WriteDataByIdentifier DID 0xF1A3 (Long Coding),MultipleChoice,Yes / No,VERIFIED,Production-Ready
FEAT_0102_COMFORT_FUNCTION_REMOTE,car_setting_comfort_function_remote,Other,Open/close windows and sunroof via long-press on remote,"VAG (VW, Audi, Skoda, SEAT)",PQ35 / MQB / MLB,0x09,CENTRAL_ELECTRICS,UDS / KWP2000,Extended Diagnostic Session (0x10 0x03),ReadDataByIdentifier DID 0xF1A3 (Long Coding),WriteDataByIdentifier DID 0xF1A3 (Long Coding),MultipleChoice,Yes / No,VERIFIED,Production-Ready
FEAT_0103_COMFORT_FUNCTION_SUNROOF,car_setting_comfort_function_sunroof,Windows & Sunroof,Open/close sunroof via long-press on remote or key,"VAG (VW, Audi, Skoda, SEAT)",PQ35 / MQB / MLB,0x09,CENTRAL_ELECTRICS,UDS / KWP2000,Extended Diagnostic Session (0x10 0x03),ReadDataByIdentifier DID 0xF1A3 (Long Coding),WriteDataByIdentifier DID 0xF1A3 (Long Coding),MultipleChoice,Yes / No,VERIFIED,Production-Ready
FEAT_0104_COMFORT_OPEN_CONVERTIBLE_KEY,car_setting_comfort_open_convertible_key,Other,Open convertible roof by turning and holding key in door lock,"VAG (VW, Audi, Skoda, SEAT)",PQ35 / MQB / MLB,0x09,CENTRAL_ELECTRICS,UDS / KWP2000,Extended Diagnostic Session (0x10 0x03),ReadDataByIdentifier DID 0xF1A3 (Long Coding),WriteDataByIdentifier DID 0xF1A3 (Long Coding),MultipleChoice,Yes / No,VERIFIED,Production-Ready
FEAT_0105_COMFORT_OPEN_CONVERTIBLE_REMOTE,car_setting_comfort_open_convertible_remote,Other,Open convertible roof via long-press on remote,"VAG (VW, Audi, Skoda, SEAT)",PQ35 / MQB / MLB,0x09,CENTRAL_ELECTRICS,UDS / KWP2000,Extended Diagnostic Session (0x10 0x03),ReadDataByIdentifier DID 0xF1A3 (Long Coding),WriteDataByIdentifier DID 0xF1A3 (Long Coding),MultipleChoice,Yes / No,VERIFIED,Production-Ready
FEAT_0106_COMFORT_OPEN_KEY,car_setting_comfort_open_key,Other,Open windows and sunroof by turning and holding key in door lock,"VAG (VW, Audi, Skoda, SEAT)",PQ35 / MQB / MLB,0x09,CENTRAL_ELECTRICS,UDS / KWP2000,Extended Diagnostic Session (0x10 0x03),ReadDataByIdentifier DID 0xF1A3 (Long Coding),WriteDataByIdentifier DID 0xF1A3 (Long Coding),MultipleChoice,Yes / No,VERIFIED,Production-Ready
FEAT_0107_COMFORT_OPEN_REMOTE,car_setting_comfort_open_remote,Other,Open windows and sunroof via long-press on remote,"VAG (VW, Audi, Skoda, SEAT)",PQ35 / MQB / MLB,0x09,CENTRAL_ELECTRICS,UDS / KWP2000,Extended Diagnostic Session (0x10 0x03),ReadDataByIdentifier DID 0xF1A3 (Long Coding),WriteDataByIdentifier DID 0xF1A3 (Long Coding),MultipleChoice,Yes / No,VERIFIED,Production-Ready
FEAT_0108_COMFORT_OPEN_SUNROOF_KEY,car_setting_comfort_open_sunroof_key,Windows & Sunroof,Open sunroof by turning and holding key in door lock,"VAG (VW, Audi, Skoda, SEAT)",PQ35 / MQB / MLB,0x09,CENTRAL_ELECTRICS,UDS / KWP2000,Extended Diagnostic Session (0x10 0x03),ReadDataByIdentifier DID 0xF1A3 (Long Coding),WriteDataByIdentifier DID 0xF1A3 (Long Coding),MultipleChoice,Yes / No,VERIFIED,Production-Ready
FEAT_0109_COMFORT_OPEN_SUNROOF_REMOTE,car_setting_comfort_open_sunroof_remote,Windows & Sunroof,Open sunroof via long-press on remote,"VAG (VW, Audi, Skoda, SEAT)",PQ35 / MQB / MLB,0x09,CENTRAL_ELECTRICS,UDS / KWP2000,Extended Diagnostic Session (0x10 0x03),ReadDataByIdentifier DID 0xF1A3 (Long Coding),WriteDataByIdentifier DID 0xF1A3 (Long Coding),MultipleChoice,Yes / No,VERIFIED,Production-Ready
FEAT_0110_COMFORT_OPEN_WINDOWS_REMOTE,car_setting_comfort_open_windows_remote,Windows & Sunroof,Open windows via long-press on remote,"VAG (VW, Audi, Skoda, SEAT)",PQ35 / MQB / MLB,0x09,CENTRAL_ELECTRICS,UDS / KWP2000,Extended Diagnostic Session (0x10 0x03),ReadDataByIdentifier DID 0xF1A3 (Long Coding),WriteDataByIdentifier DID 0xF1A3 (Long Coding),MultipleChoice,Yes / No,VERIFIED,Production-Ready
FEAT_0111_COMFORT_REAR_WIPING,car_setting_comfort_rear_wiping,Other,Auto-enable rear wiper when front wipers on and reverse gear engaged,"VAG (VW, Audi, Skoda, SEAT)",PQ35 / MQB / MLB,0x09,CENTRAL_ELECTRICS,UDS / KWP2000,Extended Diagnostic Session (0x10 0x03),ReadDataByIdentifier DID 0xF1A3 (Long Coding),WriteDataByIdentifier DID 0xF1A3 (Long Coding),MultipleChoice,Yes / No,VERIFIED,Production-Ready
FEAT_0112_COMFORT_TURN_SIGNAL,car_setting_comfort_turn_signal,Lights: Exterior,Lane-change turn signal auto-flasher,"VAG (VW, Audi, Skoda, SEAT)",PQ35 / MQB / MLB,0x09,CENTRAL_ELECTRICS,UDS / KWP2000,Extended Diagnostic Session (0x10 0x03),ReadDataByIdentifier DID 0xF1A3 (Long Coding),WriteDataByIdentifier DID 0xF1A3 (Long Coding),MultipleChoice,Yes / No,VERIFIED,Production-Ready
FEAT_0113_COMFORT_TURN_SIGNAL_COUNT,car_setting_comfort_turn_signal_count,Lights: Exterior,Lane-change turn signal auto-flasher count,"VAG (VW, Audi, Skoda, SEAT)",PQ35 / MQB / MLB,0x09,CENTRAL_ELECTRICS,UDS / KWP2000,Extended Diagnostic Session (0x10 0x03),ReadDataByIdentifier DID 0xF1A3 (Long Coding),WriteDataByIdentifier DID 0xF1A3 (Long Coding),MultipleChoice,Yes / No,VERIFIED,Production-Ready
FEAT_0114_COMFORT_TURN_SIGNAL_IN_MMI,car_setting_comfort_turn_signal_in_mmi,Lights: Exterior,Comfort Turn Signal In Mmi,"VAG (VW, Audi, Skoda, SEAT)",PQ35 / MQB / MLB,0x09,CENTRAL_ELECTRICS,UDS / KWP2000,Extended Diagnostic Session (0x10 0x03),ReadDataByIdentifier DID 0xF1A3 (Long Coding),WriteDataByIdentifier DID 0xF1A3 (Long Coding),MultipleChoice,Yes / No,VERIFIED,Production-Ready
FEAT_0115_COMING_HOME,car_setting_coming_home,Lights: Coming/Leaving Home,Coming-home lights,"VAG (VW, Audi, Skoda, SEAT)",PQ35 / MQB / MLB,0x09,CENTRAL_ELECTRICS,UDS / KWP2000,Extended Diagnostic Session (0x10 0x03),ReadDataByIdentifier DID 0xF1A3 (Long Coding),WriteDataByIdentifier DID 0xF1A3 (Long Coding),MultipleChoice,Yes / No,VERIFIED,Production-Ready
FEAT_0116_COMING_HOME_DURATION,car_setting_coming_home_duration,Lights: Coming/Leaving Home,Coming-home lights duration,"VAG (VW, Audi, Skoda, SEAT)",PQ35 / MQB / MLB,0x09,CENTRAL_ELECTRICS,UDS / KWP2000,Extended Diagnostic Session (0x10 0x03),ReadDataByIdentifier DID 0xF1A3 (Long Coding),WriteDataByIdentifier DID 0xF1A3 (Long Coding),MultipleChoice,Yes / No,VERIFIED,Production-Ready
FEAT_0117_COMING_HOME_MODE,car_setting_coming_home_mode,Lights: Coming/Leaving Home,Coming-home lights mode,"VAG (VW, Audi, Skoda, SEAT)",PQ35 / MQB / MLB,0x09,CENTRAL_ELECTRICS,UDS / KWP2000,Extended Diagnostic Session (0x10 0x03),ReadDataByIdentifier DID 0xF1A3 (Long Coding),WriteDataByIdentifier DID 0xF1A3 (Long Coding),MultipleChoice,Yes / No,VERIFIED,Production-Ready
FEAT_0118_COMING_HOME_REQ_RLS,car_setting_coming_home_req_rls,Lights: Coming/Leaving Home,Coming-home lights (req. auto headlights),"VAG (VW, Audi, Skoda, SEAT)",PQ35 / MQB / MLB,0x09,CENTRAL_ELECTRICS,UDS / KWP2000,Extended Diagnostic Session (0x10 0x03),ReadDataByIdentifier DID 0xF1A3 (Long Coding),WriteDataByIdentifier DID 0xF1A3 (Long Coding),MultipleChoice,Yes / No,VERIFIED,Production-Ready
FEAT_0119_COMING_LEAVING_HOME_OUTPUT,car_setting_coming_leaving_home_output,Lights: Coming/Leaving Home,Coming/leaving-home lights use…,"VAG (VW, Audi, Skoda, SEAT)",PQ35 / MQB / MLB,0x09,CENTRAL_ELECTRICS,UDS / KWP2000,Extended Diagnostic Session (0x10 0x03),ReadDataByIdentifier DID 0xF1A3 (Long Coding),WriteDataByIdentifier DID 0xF1A3 (Long Coding),MultipleChoice,Yes / No,VERIFIED,Production-Ready
FEAT_0120_CONTINUOUS,car_setting_continuous,Other,Continuous,"VAG (VW, Audi, Skoda, SEAT)",PQ35 / MQB / MLB,0x09,CENTRAL_ELECTRICS,UDS / KWP2000,Extended Diagnostic Session (0x10 0x03),ReadDataByIdentifier DID 0xF1A3 (Long Coding),WriteDataByIdentifier DID 0xF1A3 (Long Coding),MultipleChoice,Yes / No,VERIFIED,Production-Ready
FEAT_0121_CORNERING_LIGHTS_VIA_FOGS,car_setting_cornering_lights_via_fogs,Lights: Exterior,Cornering lights (using fog lights),"VAG (VW, Audi, Skoda, SEAT)",PQ35 / MQB / MLB,0x09,CENTRAL_ELECTRICS,UDS / KWP2000,Extended Diagnostic Session (0x10 0x03),ReadDataByIdentifier DID 0xF1A3 (Long Coding),WriteDataByIdentifier DID 0xF1A3 (Long Coding),MultipleChoice,Yes / No,VERIFIED,Production-Ready
FEAT_0122_CORNERING_LIGHTS_VIA_FOGS_LEFT,car_setting_cornering_lights_via_fogs_left,Lights: Exterior,Left cornering light (using fog light),"VAG (VW, Audi, Skoda, SEAT)",PQ35 / MQB / MLB,0x09,CENTRAL_ELECTRICS,UDS / KWP2000,Extended Diagnostic Session (0x10 0x03),ReadDataByIdentifier DID 0xF1A3 (Long Coding),WriteDataByIdentifier DID 0xF1A3 (Long Coding),MultipleChoice,Yes / No,VERIFIED,Production-Ready
FEAT_0123_COUNTRY,car_setting_country,Other,Instrument cluster region (affects ext. lights too),"VAG (VW, Audi, Skoda, SEAT)",PQ35 / MQB / MLB,0x09,CENTRAL_ELECTRICS,UDS / KWP2000,Extended Diagnostic Session (0x10 0x03),ReadDataByIdentifier DID 0xF1A3 (Long Coding),WriteDataByIdentifier DID 0xF1A3 (Long Coding),MultipleChoice,Yes / No,VERIFIED,Production-Ready
FEAT_0124_CRASH_LIGHTS_DOUBLE_IMPULSE,car_setting_crash_lights_double_impulse,Other,Crash Lights Double Impulse,"VAG (VW, Audi, Skoda, SEAT)",PQ35 / MQB / MLB,0x09,CENTRAL_ELECTRICS,UDS / KWP2000,Extended Diagnostic Session (0x10 0x03),ReadDataByIdentifier DID 0xF1A3 (Long Coding),WriteDataByIdentifier DID 0xF1A3 (Long Coding),MultipleChoice,Yes / No,VERIFIED,Production-Ready
FEAT_0125_DEVELOPER_MENU,car_setting_developer_menu,Other,Developer menu screen in MMI via holding MENU for ~10 seconds (req. Discover Pro),"VAG (VW, Audi, Skoda, SEAT)",PQ35 / MQB / MLB,0x09,CENTRAL_ELECTRICS,UDS / KWP2000,Extended Diagnostic Session (0x10 0x03),ReadDataByIdentifier DID 0xF1A3 (Long Coding),WriteDataByIdentifier DID 0xF1A3 (Long Coding),MultipleChoice,Yes / No,VERIFIED,Production-Ready
FEAT_0126_DIAGNOSTICS_BRAKE_LIGHTS,car_setting_diagnostics_brake_lights,Other,Diagnostics Brake Lights,"VAG (VW, Audi, Skoda, SEAT)",PQ35 / MQB / MLB,0x03,BRAKES_ABS,UDS / KWP2000,Extended Diagnostic Session (0x10 0x03),ReadDataByIdentifier DID 0xF1A3 (Long Coding),WriteDataByIdentifier DID 0xF1A3 (Long Coding),MultipleChoice,Yes / No,VERIFIED,Production-Ready
FEAT_0127_DIAGNOSTICS_DRL,car_setting_diagnostics_drl,Lights: Daytime Running Lights (DRL),Diagnostics Drl,"VAG (VW, Audi, Skoda, SEAT)",PQ35 / MQB / MLB,0x09,CENTRAL_ELECTRICS,UDS / KWP2000,Extended Diagnostic Session (0x10 0x03),ReadDataByIdentifier DID 0xF1A3 (Long Coding),WriteDataByIdentifier DID 0xF1A3 (Long Coding),MultipleChoice,Yes / No,VERIFIED,Production-Ready
FEAT_0128_DIAGNOSTICS_FOG_LIGHTS,car_setting_diagnostics_fog_lights,Lights: Exterior,Diagnostics Fog Lights,"VAG (VW, Audi, Skoda, SEAT)",PQ35 / MQB / MLB,0x09,CENTRAL_ELECTRICS,UDS / KWP2000,Extended Diagnostic Session (0x10 0x03),ReadDataByIdentifier DID 0xF1A3 (Long Coding),WriteDataByIdentifier DID 0xF1A3 (Long Coding),MultipleChoice,Yes / No,VERIFIED,Production-Ready
FEAT_0129_DIAGNOSTICS_FOG_LIGHTS_REAR,car_setting_diagnostics_fog_lights_rear,Lights: Exterior,Diagnostics Fog Lights Rear,"VAG (VW, Audi, Skoda, SEAT)",PQ35 / MQB / MLB,0x09,CENTRAL_ELECTRICS,UDS / KWP2000,Extended Diagnostic Session (0x10 0x03),ReadDataByIdentifier DID 0xF1A3 (Long Coding),WriteDataByIdentifier DID 0xF1A3 (Long Coding),MultipleChoice,Yes / No,VERIFIED,Production-Ready
FEAT_0130_DIAGNOSTICS_HIGH_BEAMS,car_setting_diagnostics_high_beams,Lights: Exterior,Diagnostics High Beams,"VAG (VW, Audi, Skoda, SEAT)",PQ35 / MQB / MLB,0x09,CENTRAL_ELECTRICS,UDS / KWP2000,Extended Diagnostic Session (0x10 0x03),ReadDataByIdentifier DID 0xF1A3 (Long Coding),WriteDataByIdentifier DID 0xF1A3 (Long Coding),MultipleChoice,Yes / No,VERIFIED,Production-Ready
FEAT_0131_DIAGNOSTICS_LOW_BEAMS,car_setting_diagnostics_low_beams,Lights: Exterior,Diagnostics Low Beams,"VAG (VW, Audi, Skoda, SEAT)",PQ35 / MQB / MLB,0x09,CENTRAL_ELECTRICS,UDS / KWP2000,Extended Diagnostic Session (0x10 0x03),ReadDataByIdentifier DID 0xF1A3 (Long Coding),WriteDataByIdentifier DID 0xF1A3 (Long Coding),MultipleChoice,Yes / No,VERIFIED,Production-Ready
FEAT_0132_DIAGNOSTICS_TAIL_LIGHTS,car_setting_diagnostics_tail_lights,Lights: Exterior,Diagnostics Tail Lights,"VAG (VW, Audi, Skoda, SEAT)",PQ35 / MQB / MLB,0x09,CENTRAL_ELECTRICS,UDS / KWP2000,Extended Diagnostic Session (0x10 0x03),ReadDataByIdentifier DID 0xF1A3 (Long Coding),WriteDataByIdentifier DID 0xF1A3 (Long Coding),MultipleChoice,Yes / No,VERIFIED,Production-Ready
FEAT_0133_DIAGNOSTICS_TURN_SIGNALS,car_setting_diagnostics_turn_signals,Lights: Exterior,Diagnostics Turn Signals,"VAG (VW, Audi, Skoda, SEAT)",PQ35 / MQB / MLB,0x09,CENTRAL_ELECTRICS,UDS / KWP2000,Extended Diagnostic Session (0x10 0x03),ReadDataByIdentifier DID 0xF1A3 (Long Coding),WriteDataByIdentifier DID 0xF1A3 (Long Coding),MultipleChoice,Yes / No,VERIFIED,Production-Ready
FEAT_0134_DISABLE_BRAKE_PAD_WARNING_LIGHT,car_setting_disable_brake_pad_warning_light,Dings & Warnings,Disable brake pad warning light,"VAG (VW, Audi, Skoda, SEAT)",PQ35 / MQB / MLB,0x03,BRAKES_ABS,UDS / KWP2000,Extended Diagnostic Session (0x10 0x03),ReadDataByIdentifier DID 0xF1A3 (Long Coding),WriteDataByIdentifier DID 0xF1A3 (Long Coding),MultipleChoice,Enabled / Disabled,VERIFIED,Production-Ready
FEAT_0135_DISABLE_MP3_LEGAL_DISCLAIMER,car_setting_disable_mp3_legal_disclaimer,Other,Disable Mp3 Legal Disclaimer,"VAG (VW, Audi, Skoda, SEAT)",PQ35 / MQB / MLB,0x09,CENTRAL_ELECTRICS,UDS / KWP2000,Extended Diagnostic Session (0x10 0x03),ReadDataByIdentifier DID 0xF1A3 (Long Coding),WriteDataByIdentifier DID 0xF1A3 (Long Coding),MultipleChoice,Enabled / Disabled,VERIFIED,Production-Ready
FEAT_0136_DISABLE_NAR_HEADLIGHT_RESTRICTIONS,car_setting_disable_nar_headlight_restrictions,Other,Disable Nar Headlight Restrictions,"VAG (VW, Audi, Skoda, SEAT)",PQ35 / MQB / MLB,0x09,CENTRAL_ELECTRICS,UDS / KWP2000,Extended Diagnostic Session (0x10 0x03),ReadDataByIdentifier DID 0xF1A3 (Long Coding),WriteDataByIdentifier DID 0xF1A3 (Long Coding),MultipleChoice,Enabled / Disabled,VERIFIED,Production-Ready
FEAT_0137_DISABLE_US_MARKER_LIGHTS,car_setting_disable_us_marker_lights,Other,Disable US side marker lights (US models only),"VAG (VW, Audi, Skoda, SEAT)",PQ35 / MQB / MLB,0x09,CENTRAL_ELECTRICS,UDS / KWP2000,Extended Diagnostic Session (0x10 0x03),ReadDataByIdentifier DID 0xF1A3 (Long Coding),WriteDataByIdentifier DID 0xF1A3 (Long Coding),MultipleChoice,Enabled / Disabled,VERIFIED,Production-Ready
FEAT_0138_DISPLAY_CYLINDER_SHUT_OFF,car_setting_display_cylinder_shut_off,Other,Display Cylinder Shut Off,"VAG (VW, Audi, Skoda, SEAT)",PQ35 / MQB / MLB,0x09,CENTRAL_ELECTRICS,UDS / KWP2000,Extended Diagnostic Session (0x10 0x03),ReadDataByIdentifier DID 0xF1A3 (Long Coding),WriteDataByIdentifier DID 0xF1A3 (Long Coding),MultipleChoice,Yes / No,VERIFIED,Production-Ready
FEAT_0139_DISPLAY_GEAR_IN_INSTRUMENT_CLUSTER,car_setting_display_gear_in_instrument_cluster,Instruments: Displays & Nav,Display current gear in dash,"VAG (VW, Audi, Skoda, SEAT)",PQ35 / MQB / MLB,0x17,INSTRUMENT_CLUSTER,UDS / KWP2000,Extended Diagnostic Session (0x10 0x03),ReadDataByIdentifier DID 0xF1A3 (Long Coding),WriteDataByIdentifier DID 0xF1A3 (Long Coding),MultipleChoice,Yes / No,VERIFIED,Production-Ready
FEAT_0140_DLNA,car_setting_dlna,Other,Dlna,"VAG (VW, Audi, Skoda, SEAT)",PQ35 / MQB / MLB,0x09,CENTRAL_ELECTRICS,UDS / KWP2000,Extended Diagnostic Session (0x10 0x03),ReadDataByIdentifier DID 0xF1A3 (Long Coding),WriteDataByIdentifier DID 0xF1A3 (Long Coding),MultipleChoice,Yes / No,VERIFIED,Production-Ready
FEAT_0141_DRIVER_AIDS,car_setting_driver_aids,Other,Driver-aids,"VAG (VW, Audi, Skoda, SEAT)",PQ35 / MQB / MLB,0x09,CENTRAL_ELECTRICS,UDS / KWP2000,Extended Diagnostic Session (0x10 0x03),ReadDataByIdentifier DID 0xF1A3 (Long Coding),WriteDataByIdentifier DID 0xF1A3 (Long Coding),MultipleChoice,Yes / No,VERIFIED,Production-Ready
FEAT_0142_DRIVING_PROFILE_SELECTION,car_setting_driving_profile_selection,Other,Driving profile selection,"VAG (VW, Audi, Skoda, SEAT)",PQ35 / MQB / MLB,0x09,CENTRAL_ELECTRICS,UDS / KWP2000,Extended Diagnostic Session (0x10 0x03),ReadDataByIdentifier DID 0xF1A3 (Long Coding),WriteDataByIdentifier DID 0xF1A3 (Long Coding),MultipleChoice,Yes / No,VERIFIED,Production-Ready
FEAT_0143_DRIVING_SCHOOL_MIB1_STEP_1,car_setting_driving_school_mib1_step_1,Other,Driving School Mib1 Step 1,"VAG (VW, Audi, Skoda, SEAT)",PQ35 / MQB / MLB,0x09,CENTRAL_ELECTRICS,UDS / KWP2000,Extended Diagnostic Session (0x10 0x03),ReadDataByIdentifier DID 0xF1A3 (Long Coding),WriteDataByIdentifier DID 0xF1A3 (Long Coding),MultipleChoice,Yes / No,VERIFIED,Production-Ready
FEAT_0144_DRIVING_SCHOOL_MIB1_STEP_2,car_setting_driving_school_mib1_step_2,Other,Driving School Mib1 Step 2,"VAG (VW, Audi, Skoda, SEAT)",PQ35 / MQB / MLB,0x09,CENTRAL_ELECTRICS,UDS / KWP2000,Extended Diagnostic Session (0x10 0x03),ReadDataByIdentifier DID 0xF1A3 (Long Coding),WriteDataByIdentifier DID 0xF1A3 (Long Coding),MultipleChoice,Yes / No,VERIFIED,Production-Ready
FEAT_0145_DRIVING_SCHOOL_MIB1_STEP_3,car_setting_driving_school_mib1_step_3,Other,Driving School Mib1 Step 3,"VAG (VW, Audi, Skoda, SEAT)",PQ35 / MQB / MLB,0x09,CENTRAL_ELECTRICS,UDS / KWP2000,Extended Diagnostic Session (0x10 0x03),ReadDataByIdentifier DID 0xF1A3 (Long Coding),WriteDataByIdentifier DID 0xF1A3 (Long Coding),MultipleChoice,Yes / No,VERIFIED,Production-Ready
FEAT_0146_DRIVING_SCHOOL_MIB1_STEP_4,car_setting_driving_school_mib1_step_4,Other,Driving School Mib1 Step 4,"VAG (VW, Audi, Skoda, SEAT)",PQ35 / MQB / MLB,0x09,CENTRAL_ELECTRICS,UDS / KWP2000,Extended Diagnostic Session (0x10 0x03),ReadDataByIdentifier DID 0xF1A3 (Long Coding),WriteDataByIdentifier DID 0xF1A3 (Long Coding),MultipleChoice,Yes / No,VERIFIED,Production-Ready
FEAT_0147_DRL,car_setting_drl,Lights: Daytime Running Lights (DRL),Daytime running lights,"VAG (VW, Audi, Skoda, SEAT)",PQ35 / MQB / MLB,0x09,CENTRAL_ELECTRICS,UDS / KWP2000,Extended Diagnostic Session (0x10 0x03),ReadDataByIdentifier DID 0xF1A3 (Long Coding),WriteDataByIdentifier DID 0xF1A3 (Long Coding),MultipleChoice,Yes / No,VERIFIED,Production-Ready
FEAT_0148_DRL_BRIGHTNESS,car_setting_drl_brightness,Lights: Daytime Running Lights (DRL),Daytime running lights (DRL) brightness,"VAG (VW, Audi, Skoda, SEAT)",PQ35 / MQB / MLB,0x09,CENTRAL_ELECTRICS,UDS / KWP2000,Extended Diagnostic Session (0x10 0x03),ReadDataByIdentifier DID 0xF1A3 (Long Coding),WriteDataByIdentifier DID 0xF1A3 (Long Coding),Numerical,Range / Percentage / Value steps,VERIFIED,Production-Ready
FEAT_0149_DRL_BRIGHTNESS_WHEN_HEADLIGHTS_ARE_ON,car_setting_drl_brightness_when_headlights_are_on,Lights: Daytime Running Lights (DRL),Daytime running lights (DRL) brightness when headlights are on,"VAG (VW, Audi, Skoda, SEAT)",PQ35 / MQB / MLB,0x09,CENTRAL_ELECTRICS,UDS / KWP2000,Extended Diagnostic Session (0x10 0x03),ReadDataByIdentifier DID 0xF1A3 (Long Coding),WriteDataByIdentifier DID 0xF1A3 (Long Coding),Numerical,Range / Percentage / Value steps,VERIFIED,Production-Ready
FEAT_0150_DRL_BRIGHTNESS_WHEN_HEADLIGHTS_ARE_ON_LEFT,car_setting_drl_brightness_when_headlights_are_on_left,Lights: Daytime Running Lights (DRL),Drl Brightness When Headlights Are On Left,"VAG (VW, Audi, Skoda, SEAT)",PQ35 / MQB / MLB,0x09,CENTRAL_ELECTRICS,UDS / KWP2000,Extended Diagnostic Session (0x10 0x03),ReadDataByIdentifier DID 0xF1A3 (Long Coding),WriteDataByIdentifier DID 0xF1A3 (Long Coding),Numerical,Range / Percentage / Value steps,VERIFIED,Production-Ready
FEAT_0151_DRL_BRIGHTNESS_WHEN_HEADLIGHTS_ARE_ON_RIGHT,car_setting_drl_brightness_when_headlights_are_on_right,Lights: Daytime Running Lights (DRL),Drl Brightness When Headlights Are On Right,"VAG (VW, Audi, Skoda, SEAT)",PQ35 / MQB / MLB,0x09,CENTRAL_ELECTRICS,UDS / KWP2000,Extended Diagnostic Session (0x10 0x03),ReadDataByIdentifier DID 0xF1A3 (Long Coding),WriteDataByIdentifier DID 0xF1A3 (Long Coding),Numerical,Range / Percentage / Value steps,VERIFIED,Production-Ready
FEAT_0152_DRL_INDICATOR,car_setting_drl_indicator,Lights: Daytime Running Lights (DRL),Drl Indicator,"VAG (VW, Audi, Skoda, SEAT)",PQ35 / MQB / MLB,0x09,CENTRAL_ELECTRICS,UDS / KWP2000,Extended Diagnostic Session (0x10 0x03),ReadDataByIdentifier DID 0xF1A3 (Long Coding),WriteDataByIdentifier DID 0xF1A3 (Long Coding),MultipleChoice,Yes / No,VERIFIED,Production-Ready
FEAT_0153_DRL_ONLY_IN_AUTO_MODE,car_setting_drl_only_in_auto_mode,Lights: Daytime Running Lights (DRL),Daytime running lights on only when switch is set to AUTO,"VAG (VW, Audi, Skoda, SEAT)",PQ35 / MQB / MLB,0x09,CENTRAL_ELECTRICS,UDS / KWP2000,Extended Diagnostic Session (0x10 0x03),ReadDataByIdentifier DID 0xF1A3 (Long Coding),WriteDataByIdentifier DID 0xF1A3 (Long Coding),MultipleChoice,Yes / No,VERIFIED,Production-Ready
FEAT_0154_DRL_OVERRIDE,car_setting_drl_override,Lights: Daytime Running Lights (DRL),Drl Override,"VAG (VW, Audi, Skoda, SEAT)",PQ35 / MQB / MLB,0x09,CENTRAL_ELECTRICS,UDS / KWP2000,Extended Diagnostic Session (0x10 0x03),ReadDataByIdentifier DID 0xF1A3 (Long Coding),WriteDataByIdentifier DID 0xF1A3 (Long Coding),MultipleChoice,Yes / No,VERIFIED,Production-Ready
FEAT_0155_DRL_VIA,car_setting_drl_via,Lights: Daytime Running Lights (DRL),Daytime running lights (DRL) use…,"VAG (VW, Audi, Skoda, SEAT)",PQ35 / MQB / MLB,0x09,CENTRAL_ELECTRICS,UDS / KWP2000,Extended Diagnostic Session (0x10 0x03),ReadDataByIdentifier DID 0xF1A3 (Long Coding),WriteDataByIdentifier DID 0xF1A3 (Long Coding),MultipleChoice,Yes / No,VERIFIED,Production-Ready
FEAT_0156_DRL_VIA_FOGS,car_setting_drl_via_fogs,Lights: Daytime Running Lights (DRL),Use fog lights as daytime running lights,"VAG (VW, Audi, Skoda, SEAT)",PQ35 / MQB / MLB,0x09,CENTRAL_ELECTRICS,UDS / KWP2000,Extended Diagnostic Session (0x10 0x03),ReadDataByIdentifier DID 0xF1A3 (Long Coding),WriteDataByIdentifier DID 0xF1A3 (Long Coding),MultipleChoice,Yes / No,VERIFIED,Production-Ready
FEAT_0157_DRL_VIA_FRONT_LEFT_TURN_SIGNAL_STEP_1,car_setting_drl_via_front_left_turn_signal_step_1,Lights: Daytime Running Lights (DRL),Drl Via Front Left Turn Signal Step 1,"VAG (VW, Audi, Skoda, SEAT)",PQ35 / MQB / MLB,0x09,CENTRAL_ELECTRICS,UDS / KWP2000,Extended Diagnostic Session (0x10 0x03),ReadDataByIdentifier DID 0xF1A3 (Long Coding),WriteDataByIdentifier DID 0xF1A3 (Long Coding),MultipleChoice,Yes / No,VERIFIED,Production-Ready
FEAT_0158_DRL_VIA_FRONT_LEFT_TURN_SIGNAL_STEP_2,car_setting_drl_via_front_left_turn_signal_step_2,Lights: Daytime Running Lights (DRL),Drl Via Front Left Turn Signal Step 2,"VAG (VW, Audi, Skoda, SEAT)",PQ35 / MQB / MLB,0x09,CENTRAL_ELECTRICS,UDS / KWP2000,Extended Diagnostic Session (0x10 0x03),ReadDataByIdentifier DID 0xF1A3 (Long Coding),WriteDataByIdentifier DID 0xF1A3 (Long Coding),MultipleChoice,Yes / No,VERIFIED,Production-Ready
FEAT_0159_DRL_VIA_FRONT_LEFT_TURN_SIGNAL_STEP_3,car_setting_drl_via_front_left_turn_signal_step_3,Lights: Daytime Running Lights (DRL),Drl Via Front Left Turn Signal Step 3,"VAG (VW, Audi, Skoda, SEAT)",PQ35 / MQB / MLB,0x09,CENTRAL_ELECTRICS,UDS / KWP2000,Extended Diagnostic Session (0x10 0x03),ReadDataByIdentifier DID 0xF1A3 (Long Coding),WriteDataByIdentifier DID 0xF1A3 (Long Coding),MultipleChoice,Yes / No,VERIFIED,Production-Ready
FEAT_0160_DRL_VIA_FRONT_LEFT_TURN_SIGNAL_STEP_4,car_setting_drl_via_front_left_turn_signal_step_4,Lights: Daytime Running Lights (DRL),Drl Via Front Left Turn Signal Step 4,"VAG (VW, Audi, Skoda, SEAT)",PQ35 / MQB / MLB,0x09,CENTRAL_ELECTRICS,UDS / KWP2000,Extended Diagnostic Session (0x10 0x03),ReadDataByIdentifier DID 0xF1A3 (Long Coding),WriteDataByIdentifier DID 0xF1A3 (Long Coding),MultipleChoice,Yes / No,VERIFIED,Production-Ready
FEAT_0161_DRL_VIA_FRONT_MARKERS,car_setting_drl_via_front_markers,Lights: Daytime Running Lights (DRL),Drl Via Front Markers,"VAG (VW, Audi, Skoda, SEAT)",PQ35 / MQB / MLB,0x09,CENTRAL_ELECTRICS,UDS / KWP2000,Extended Diagnostic Session (0x10 0x03),ReadDataByIdentifier DID 0xF1A3 (Long Coding),WriteDataByIdentifier DID 0xF1A3 (Long Coding),MultipleChoice,Yes / No,VERIFIED,Production-Ready
FEAT_0162_DRL_VIA_FRONT_RIGHT_TURN_SIGNAL_STEP_1,car_setting_drl_via_front_right_turn_signal_step_1,Lights: Daytime Running Lights (DRL),Drl Via Front Right Turn Signal Step 1,"VAG (VW, Audi, Skoda, SEAT)",PQ35 / MQB / MLB,0x09,CENTRAL_ELECTRICS,UDS / KWP2000,Extended Diagnostic Session (0x10 0x03),ReadDataByIdentifier DID 0xF1A3 (Long Coding),WriteDataByIdentifier DID 0xF1A3 (Long Coding),MultipleChoice,Yes / No,VERIFIED,Production-Ready
FEAT_0163_DRL_VIA_FRONT_RIGHT_TURN_SIGNAL_STEP_2,car_setting_drl_via_front_right_turn_signal_step_2,Lights: Daytime Running Lights (DRL),Drl Via Front Right Turn Signal Step 2,"VAG (VW, Audi, Skoda, SEAT)",PQ35 / MQB / MLB,0x09,CENTRAL_ELECTRICS,UDS / KWP2000,Extended Diagnostic Session (0x10 0x03),ReadDataByIdentifier DID 0xF1A3 (Long Coding),WriteDataByIdentifier DID 0xF1A3 (Long Coding),MultipleChoice,Yes / No,VERIFIED,Production-Ready
FEAT_0164_DRL_VIA_FRONT_RIGHT_TURN_SIGNAL_STEP_3,car_setting_drl_via_front_right_turn_signal_step_3,Lights: Daytime Running Lights (DRL),Drl Via Front Right Turn Signal Step 3,"VAG (VW, Audi, Skoda, SEAT)",PQ35 / MQB / MLB,0x09,CENTRAL_ELECTRICS,UDS / KWP2000,Extended Diagnostic Session (0x10 0x03),ReadDataByIdentifier DID 0xF1A3 (Long Coding),WriteDataByIdentifier DID 0xF1A3 (Long Coding),MultipleChoice,Yes / No,VERIFIED,Production-Ready
FEAT_0165_DRL_VIA_FRONT_RIGHT_TURN_SIGNAL_STEP_4,car_setting_drl_via_front_right_turn_signal_step_4,Lights: Daytime Running Lights (DRL),Drl Via Front Right Turn Signal Step 4,"VAG (VW, Audi, Skoda, SEAT)",PQ35 / MQB / MLB,0x09,CENTRAL_ELECTRICS,UDS / KWP2000,Extended Diagnostic Session (0x10 0x03),ReadDataByIdentifier DID 0xF1A3 (Long Coding),WriteDataByIdentifier DID 0xF1A3 (Long Coding),MultipleChoice,Yes / No,VERIFIED,Production-Ready
FEAT_0166_DRL_VIA_LASH_LEFT_BRIGHTNESS,car_setting_drl_via_lash_left_brightness,Lights: Daytime Running Lights (DRL),Drl Via Lash Left Brightness,"VAG (VW, Audi, Skoda, SEAT)",PQ35 / MQB / MLB,0x09,CENTRAL_ELECTRICS,UDS / KWP2000,Extended Diagnostic Session (0x10 0x03),ReadDataByIdentifier DID 0xF1A3 (Long Coding),WriteDataByIdentifier DID 0xF1A3 (Long Coding),Numerical,Range / Percentage / Value steps,VERIFIED,Production-Ready
FEAT_0167_DRL_VIA_LASH_RIGHT_BRIGHTNESS,car_setting_drl_via_lash_right_brightness,Lights: Daytime Running Lights (DRL),Drl Via Lash Right Brightness,"VAG (VW, Audi, Skoda, SEAT)",PQ35 / MQB / MLB,0x09,CENTRAL_ELECTRICS,UDS / KWP2000,Extended Diagnostic Session (0x10 0x03),ReadDataByIdentifier DID 0xF1A3 (Long Coding),WriteDataByIdentifier DID 0xF1A3 (Long Coding),Numerical,Range / Percentage / Value steps,VERIFIED,Production-Ready
FEAT_0168_DRL_VIA_SEPARATE_LIGHTS_EXPERIMENTAL,car_setting_drl_via_separate_lights_experimental,Lights: Daytime Running Lights (DRL),Drl Via Separate Lights Experimental,"VAG (VW, Audi, Skoda, SEAT)",PQ35 / MQB / MLB,0x09,CENTRAL_ELECTRICS,UDS / KWP2000,Extended Diagnostic Session (0x10 0x03),ReadDataByIdentifier DID 0xF1A3 (Long Coding),WriteDataByIdentifier DID 0xF1A3 (Long Coding),MultipleChoice,Yes / No,VERIFIED,Production-Ready
FEAT_0169_DSR_STRENGTH,car_setting_dsr_strength,Other,Driver steering recommendation (DSR) strength,"VAG (VW, Audi, Skoda, SEAT)",PQ35 / MQB / MLB,0x09,CENTRAL_ELECTRICS,UDS / KWP2000,Extended Diagnostic Session (0x10 0x03),ReadDataByIdentifier DID 0xF1A3 (Long Coding),WriteDataByIdentifier DID 0xF1A3 (Long Coding),MultipleChoice,Yes / No,VERIFIED,Production-Ready
FEAT_0170_DYNAMIC_LIGHT_ASSIST,car_setting_dynamic_light_assist,Other,Dynamic Light Assist,"VAG (VW, Audi, Skoda, SEAT)",PQ35 / MQB / MLB,0x09,CENTRAL_ELECTRICS,UDS / KWP2000,Extended Diagnostic Session (0x10 0x03),ReadDataByIdentifier DID 0xF1A3 (Long Coding),WriteDataByIdentifier DID 0xF1A3 (Long Coding),MultipleChoice,Yes / No,VERIFIED,Production-Ready
FEAT_0171_DYNAMIC_START_UP_ASSIST,car_setting_dynamic_start_up_assist,Other,Dynamic start assist,"VAG (VW, Audi, Skoda, SEAT)",PQ35 / MQB / MLB,0x09,CENTRAL_ELECTRICS,UDS / KWP2000,Extended Diagnostic Session (0x10 0x03),ReadDataByIdentifier DID 0xF1A3 (Long Coding),WriteDataByIdentifier DID 0xF1A3 (Long Coding),MultipleChoice,Yes / No,VERIFIED,Production-Ready
FEAT_0172_EASY_ENTRY_EXIT_OVERALL,car_setting_easy_entry_exit_overall,Locking: Smart Key (KESSY),Enable settings for easy entry/exit in MMI,"VAG (VW, Audi, Skoda, SEAT)",PQ35 / MQB / MLB,0x09,CENTRAL_ELECTRICS,UDS / KWP2000,Extended Diagnostic Session (0x10 0x03),ReadDataByIdentifier DID 0xF1A3 (Long Coding),WriteDataByIdentifier DID 0xF1A3 (Long Coding),MultipleChoice,Yes / No,VERIFIED,Production-Ready
FEAT_0173_EASY_ENTRY_EXIT_REQ_MEMORY_SEATS,car_setting_easy_entry_exit_req_memory_seats,Locking: Smart Key (KESSY),Easy entry/exit (req. memory seats),"VAG (VW, Audi, Skoda, SEAT)",PQ35 / MQB / MLB,0x09,CENTRAL_ELECTRICS,UDS / KWP2000,Extended Diagnostic Session (0x10 0x03),ReadDataByIdentifier DID 0xF1A3 (Long Coding),WriteDataByIdentifier DID 0xF1A3 (Long Coding),MultipleChoice,Yes / No,VERIFIED,Production-Ready
FEAT_0174_EASY_ENTRY_EXIT_STEERING_WHEEL_RETRACT_MENU,car_setting_easy_entry_exit_steering_wheel_retract_menu,Locking: Smart Key (KESSY),Easy Entry Exit Steering Wheel Retract Menu,"VAG (VW, Audi, Skoda, SEAT)",PQ35 / MQB / MLB,0x09,CENTRAL_ELECTRICS,UDS / KWP2000,Extended Diagnostic Session (0x10 0x03),ReadDataByIdentifier DID 0xF1A3 (Long Coding),WriteDataByIdentifier DID 0xF1A3 (Long Coding),MultipleChoice,Yes / No,VERIFIED,Production-Ready
FEAT_0175_ELECTRONIC_DIFF_LOCK,car_setting_electronic_diff_lock,Other,Electronic differential lock (if equipped),"VAG (VW, Audi, Skoda, SEAT)",PQ35 / MQB / MLB,0x09,CENTRAL_ELECTRICS,UDS / KWP2000,Extended Diagnostic Session (0x10 0x03),ReadDataByIdentifier DID 0xF1A3 (Long Coding),WriteDataByIdentifier DID 0xF1A3 (Long Coding),MultipleChoice,Yes / No,VERIFIED,Production-Ready
FEAT_0176_ELECTRONIC_DIFF_LOCK_STEP_2,car_setting_electronic_diff_lock_step_2,Other,Electronic Diff Lock Step 2,"VAG (VW, Audi, Skoda, SEAT)",PQ35 / MQB / MLB,0x09,CENTRAL_ELECTRICS,UDS / KWP2000,Extended Diagnostic Session (0x10 0x03),ReadDataByIdentifier DID 0xF1A3 (Long Coding),WriteDataByIdentifier DID 0xF1A3 (Long Coding),MultipleChoice,Yes / No,VERIFIED,Production-Ready
FEAT_0177_ELECTRONIC_DIFF_LOCK_STRENGTH,car_setting_electronic_diff_lock_strength,Other,Electronic differential lock strength,"VAG (VW, Audi, Skoda, SEAT)",PQ35 / MQB / MLB,0x09,CENTRAL_ELECTRICS,UDS / KWP2000,Extended Diagnostic Session (0x10 0x03),ReadDataByIdentifier DID 0xF1A3 (Long Coding),WriteDataByIdentifier DID 0xF1A3 (Long Coding),MultipleChoice,Yes / No,VERIFIED,Production-Ready
FEAT_0178_ELECTRONIC_DIFF_LOCK_STRENGTH_XDS,car_setting_electronic_diff_lock_strength_xds,Other,Extended electronic differential lock strength (XDS),"VAG (VW, Audi, Skoda, SEAT)",PQ35 / MQB / MLB,0x09,CENTRAL_ELECTRICS,UDS / KWP2000,Extended Diagnostic Session (0x10 0x03),ReadDataByIdentifier DID 0xF1A3 (Long Coding),WriteDataByIdentifier DID 0xF1A3 (Long Coding),MultipleChoice,Yes / No,VERIFIED,Production-Ready
FEAT_0179_EMERGENCY_BRAKE_FLASHING,car_setting_emergency_brake_flashing,Other,Flash brake lights in emergency stopping,"VAG (VW, Audi, Skoda, SEAT)",PQ35 / MQB / MLB,0x03,BRAKES_ABS,UDS / KWP2000,Extended Diagnostic Session (0x10 0x03),ReadDataByIdentifier DID 0xF1A3 (Long Coding),WriteDataByIdentifier DID 0xF1A3 (Long Coding),MultipleChoice,Yes / No,VERIFIED,Production-Ready
FEAT_0180_EMERGENCY_BRAKE_FLASHING_VIA_TURN_SIGNALS,car_setting_emergency_brake_flashing_via_turn_signals,Lights: Exterior,Flash hazard lights in emergency stopping,"VAG (VW, Audi, Skoda, SEAT)",PQ35 / MQB / MLB,0x03,BRAKES_ABS,UDS / KWP2000,Extended Diagnostic Session (0x10 0x03),ReadDataByIdentifier DID 0xF1A3 (Long Coding),WriteDataByIdentifier DID 0xF1A3 (Long Coding),MultipleChoice,Yes / No,VERIFIED,Production-Ready
FEAT_0181_ENABLED_V1,car_setting_enabled_v1,Other,Enabled (Version 1),"VAG (VW, Audi, Skoda, SEAT)",PQ35 / MQB / MLB,0x09,CENTRAL_ELECTRICS,UDS / KWP2000,Extended Diagnostic Session (0x10 0x03),ReadDataByIdentifier DID 0xF1A3 (Long Coding),WriteDataByIdentifier DID 0xF1A3 (Long Coding),MultipleChoice,Enabled / Disabled,VERIFIED,Production-Ready
FEAT_0182_ENABLED_V2,car_setting_enabled_v2,Other,Enabled (Version 2),"VAG (VW, Audi, Skoda, SEAT)",PQ35 / MQB / MLB,0x09,CENTRAL_ELECTRICS,UDS / KWP2000,Extended Diagnostic Session (0x10 0x03),ReadDataByIdentifier DID 0xF1A3 (Long Coding),WriteDataByIdentifier DID 0xF1A3 (Long Coding),MultipleChoice,Enabled / Disabled,VERIFIED,Production-Ready
FEAT_0183_ESC_ASR,car_setting_esc_asr,Other,ESC / ASR,"VAG (VW, Audi, Skoda, SEAT)",PQ35 / MQB / MLB,0x09,CENTRAL_ELECTRICS,UDS / KWP2000,Extended Diagnostic Session (0x10 0x03),ReadDataByIdentifier DID 0xF1A3 (Long Coding),WriteDataByIdentifier DID 0xF1A3 (Long Coding),MultipleChoice,Yes / No,VERIFIED,Production-Ready
FEAT_0184_ESC_ASR_BUTTON_BEHAVIOR,car_setting_esc_asr_button_behavior,Other,ESC / ASR button behavior,"VAG (VW, Audi, Skoda, SEAT)",PQ35 / MQB / MLB,0x09,CENTRAL_ELECTRICS,UDS / KWP2000,Extended Diagnostic Session (0x10 0x03),ReadDataByIdentifier DID 0xF1A3 (Long Coding),WriteDataByIdentifier DID 0xF1A3 (Long Coding),MultipleChoice,Yes / No,VERIFIED,Production-Ready
FEAT_0185_ESE,car_setting_ese,Other,Engine Sound Enhancement (ESE),"VAG (VW, Audi, Skoda, SEAT)",PQ35 / MQB / MLB,0x09,CENTRAL_ELECTRICS,UDS / KWP2000,Extended Diagnostic Session (0x10 0x03),ReadDataByIdentifier DID 0xF1A3 (Long Coding),WriteDataByIdentifier DID 0xF1A3 (Long Coding),MultipleChoice,Yes / No,VERIFIED,Production-Ready
FEAT_0186_EXIDE_43_AH_390_CCA_T4,car_setting_exide_43_ah_390_cca_t4,Other,Exide 43Ah 390CCA T4,"VAG (VW, Audi, Skoda, SEAT)",PQ35 / MQB / MLB,0x09,CENTRAL_ELECTRICS,UDS / KWP2000,Extended Diagnostic Session (0x10 0x03),ReadDataByIdentifier DID 0xF1A3 (Long Coding),WriteDataByIdentifier DID 0xF1A3 (Long Coding),MultipleChoice,Yes / No,VERIFIED,Production-Ready
FEAT_0187_EXIDE_52_AH_500_CCA_T5,car_setting_exide_52_ah_500_cca_t5,Other,Exide 52Ah 500CCA T5,"VAG (VW, Audi, Skoda, SEAT)",PQ35 / MQB / MLB,0x09,CENTRAL_ELECTRICS,UDS / KWP2000,Extended Diagnostic Session (0x10 0x03),ReadDataByIdentifier DID 0xF1A3 (Long Coding),WriteDataByIdentifier DID 0xF1A3 (Long Coding),MultipleChoice,Yes / No,VERIFIED,Production-Ready
FEAT_0188_EXIDE_60_AH_520_CCA_H5,car_setting_exide_60_ah_520_cca_h5,Other,Exide 60Ah 520CCA H5,"VAG (VW, Audi, Skoda, SEAT)",PQ35 / MQB / MLB,0x09,CENTRAL_ELECTRICS,UDS / KWP2000,Extended Diagnostic Session (0x10 0x03),ReadDataByIdentifier DID 0xF1A3 (Long Coding),WriteDataByIdentifier DID 0xF1A3 (Long Coding),MultipleChoice,Yes / No,VERIFIED,Production-Ready
FEAT_0189_EXIDE_60_AH_590_CCA_T6,car_setting_exide_60_ah_590_cca_t6,Other,Exide 60Ah 590CCA T6,"VAG (VW, Audi, Skoda, SEAT)",PQ35 / MQB / MLB,0x09,CENTRAL_ELECTRICS,UDS / KWP2000,Extended Diagnostic Session (0x10 0x03),ReadDataByIdentifier DID 0xF1A3 (Long Coding),WriteDataByIdentifier DID 0xF1A3 (Long Coding),MultipleChoice,Yes / No,VERIFIED,Production-Ready
FEAT_0190_EXIDE_70_AH_600_CCA_H6,car_setting_exide_70_ah_600_cca_h6,Other,Exide 70Ah 600CCA H6,"VAG (VW, Audi, Skoda, SEAT)",PQ35 / MQB / MLB,0x09,CENTRAL_ELECTRICS,UDS / KWP2000,Extended Diagnostic Session (0x10 0x03),ReadDataByIdentifier DID 0xF1A3 (Long Coding),WriteDataByIdentifier DID 0xF1A3 (Long Coding),MultipleChoice,Yes / No,VERIFIED,Production-Ready
FEAT_0191_EXIDE_80_AH_700_CCA_H7,car_setting_exide_80_ah_700_cca_h7,Other,Exide 80Ah 700CCA H7,"VAG (VW, Audi, Skoda, SEAT)",PQ35 / MQB / MLB,0x09,CENTRAL_ELECTRICS,UDS / KWP2000,Extended Diagnostic Session (0x10 0x03),ReadDataByIdentifier DID 0xF1A3 (Long Coding),WriteDataByIdentifier DID 0xF1A3 (Long Coding),MultipleChoice,Yes / No,VERIFIED,Production-Ready
FEAT_0192_EXIDE_80_AH_70_CCA_T7,car_setting_exide_80_ah_70_cca_t7,Other,Exide 80Ah 70CCA T7,"VAG (VW, Audi, Skoda, SEAT)",PQ35 / MQB / MLB,0x09,CENTRAL_ELECTRICS,UDS / KWP2000,Extended Diagnostic Session (0x10 0x03),ReadDataByIdentifier DID 0xF1A3 (Long Coding),WriteDataByIdentifier DID 0xF1A3 (Long Coding),MultipleChoice,Yes / No,VERIFIED,Production-Ready
FEAT_0193_EXIDE_90_AH_800_CCA_H8,car_setting_exide_90_ah_800_cca_h8,Other,Exide 90Ah 800CCA H8,"VAG (VW, Audi, Skoda, SEAT)",PQ35 / MQB / MLB,0x09,CENTRAL_ELECTRICS,UDS / KWP2000,Extended Diagnostic Session (0x10 0x03),ReadDataByIdentifier DID 0xF1A3 (Long Coding),WriteDataByIdentifier DID 0xF1A3 (Long Coding),MultipleChoice,Yes / No,VERIFIED,Production-Ready
FEAT_0194_EXIDE_90_AH_800_CCA_T8,car_setting_exide_90_ah_800_cca_t8,Other,Exide 90Ah 800CCA T8,"VAG (VW, Audi, Skoda, SEAT)",PQ35 / MQB / MLB,0x09,CENTRAL_ELECTRICS,UDS / KWP2000,Extended Diagnostic Session (0x10 0x03),ReadDataByIdentifier DID 0xF1A3 (Long Coding),WriteDataByIdentifier DID 0xF1A3 (Long Coding),MultipleChoice,Yes / No,VERIFIED,Production-Ready
FEAT_0195_EXIDE_90_AH_950_CCA_H8,car_setting_exide_90_ah_950_cca_h8,Other,Exide 90Ah 950CCA H8,"VAG (VW, Audi, Skoda, SEAT)",PQ35 / MQB / MLB,0x09,CENTRAL_ELECTRICS,UDS / KWP2000,Extended Diagnostic Session (0x10 0x03),ReadDataByIdentifier DID 0xF1A3 (Long Coding),WriteDataByIdentifier DID 0xF1A3 (Long Coding),MultipleChoice,Yes / No,VERIFIED,Production-Ready
FEAT_0196_FADING_INTERIOR_LIGHTS,car_setting_fading_interior_lights,Lights: Interior,Interior lights gradually fade in/out when exterior lights are turned on/off,"VAG (VW, Audi, Skoda, SEAT)",PQ35 / MQB / MLB,0x09,CENTRAL_ELECTRICS,UDS / KWP2000,Extended Diagnostic Session (0x10 0x03),ReadDataByIdentifier DID 0xF1A3 (Long Coding),WriteDataByIdentifier DID 0xF1A3 (Long Coding),MultipleChoice,Yes / No,VERIFIED,Production-Ready
FEAT_0197_FOOTWELL_LIGHTS_BRIGHTNESS_NO_EXT_LIGHT_PACK,car_setting_footwell_lights_brightness_no_ext_light_pack,Lights: Interior,Footwell lights brightness (for cars without extended lighting package),"VAG (VW, Audi, Skoda, SEAT)",PQ35 / MQB / MLB,0x09,CENTRAL_ELECTRICS,UDS / KWP2000,Extended Diagnostic Session (0x10 0x03),ReadDataByIdentifier DID 0xF1A3 (Long Coding),WriteDataByIdentifier DID 0xF1A3 (Long Coding),Numerical,Range / Percentage / Value steps,VERIFIED,Production-Ready
FEAT_0198_FOOTWELL_LIGHTS_WITH_INSTRUMENT_LIGHTS,car_setting_footwell_lights_with_instrument_lights,Lights: Interior,Keep interior footwell lights on when driving with headlights on,"VAG (VW, Audi, Skoda, SEAT)",PQ35 / MQB / MLB,0x09,CENTRAL_ELECTRICS,UDS / KWP2000,Extended Diagnostic Session (0x10 0x03),ReadDataByIdentifier DID 0xF1A3 (Long Coding),WriteDataByIdentifier DID 0xF1A3 (Long Coding),MultipleChoice,Yes / No,VERIFIED,Production-Ready
FEAT_0199_FRONT_WIPERS_TEAR_WIPING,car_setting_front_wipers_tear_wiping,Wipers & Washer,Additional 'tear' wipe after windshield washer use,"VAG (VW, Audi, Skoda, SEAT)",PQ35 / MQB / MLB,0x09,CENTRAL_ELECTRICS,UDS / KWP2000,Extended Diagnostic Session (0x10 0x03),ReadDataByIdentifier DID 0xF1A3 (Long Coding),WriteDataByIdentifier DID 0xF1A3 (Long Coding),MultipleChoice,Yes / No,VERIFIED,Production-Ready
FEAT_0200_FUEL_CONSUMPTION_POSITION_0,car_setting_fuel_consumption_position_0,Other,Fuel consumption (position 0),"VAG (VW, Audi, Skoda, SEAT)",PQ35 / MQB / MLB,0x09,CENTRAL_ELECTRICS,UDS / KWP2000,Extended Diagnostic Session (0x10 0x03),ReadDataByIdentifier DID 0xF1A3 (Long Coding),WriteDataByIdentifier DID 0xF1A3 (Long Coding),MultipleChoice,Yes / No,VERIFIED,Production-Ready
FEAT_0201_FUEL_CONSUMPTION_POSITION_1,car_setting_fuel_consumption_position_1,Other,Fuel consumption (position 1),"VAG (VW, Audi, Skoda, SEAT)",PQ35 / MQB / MLB,0x09,CENTRAL_ELECTRICS,UDS / KWP2000,Extended Diagnostic Session (0x10 0x03),ReadDataByIdentifier DID 0xF1A3 (Long Coding),WriteDataByIdentifier DID 0xF1A3 (Long Coding),MultipleChoice,Yes / No,VERIFIED,Production-Ready
FEAT_0202_FUEL_CONSUMPTION_POSITION_2,car_setting_fuel_consumption_position_2,Other,Fuel consumption (position 2),"VAG (VW, Audi, Skoda, SEAT)",PQ35 / MQB / MLB,0x09,CENTRAL_ELECTRICS,UDS / KWP2000,Extended Diagnostic Session (0x10 0x03),ReadDataByIdentifier DID 0xF1A3 (Long Coding),WriteDataByIdentifier DID 0xF1A3 (Long Coding),MultipleChoice,Yes / No,VERIFIED,Production-Ready
FEAT_0203_FUEL_CONSUMPTION_POSITION_3,car_setting_fuel_consumption_position_3,Other,Fuel consumption (position 3),"VAG (VW, Audi, Skoda, SEAT)",PQ35 / MQB / MLB,0x09,CENTRAL_ELECTRICS,UDS / KWP2000,Extended Diagnostic Session (0x10 0x03),ReadDataByIdentifier DID 0xF1A3 (Long Coding),WriteDataByIdentifier DID 0xF1A3 (Long Coding),MultipleChoice,Yes / No,VERIFIED,Production-Ready
FEAT_0204_FUEL_CONSUMPTION_POSITION_4,car_setting_fuel_consumption_position_4,Other,Fuel consumption (position 4),"VAG (VW, Audi, Skoda, SEAT)",PQ35 / MQB / MLB,0x09,CENTRAL_ELECTRICS,UDS / KWP2000,Extended Diagnostic Session (0x10 0x03),ReadDataByIdentifier DID 0xF1A3 (Long Coding),WriteDataByIdentifier DID 0xF1A3 (Long Coding),MultipleChoice,Yes / No,VERIFIED,Production-Ready
FEAT_0205_FUEL_TANK_CAPACITY_CALIBRATION,car_setting_fuel_tank_capacity_calibration,Other,Fuel Tank Capacity Calibration,"VAG (VW, Audi, Skoda, SEAT)",PQ35 / MQB / MLB,0x09,CENTRAL_ELECTRICS,UDS / KWP2000,Extended Diagnostic Session (0x10 0x03),ReadDataByIdentifier DID 0xF1A3 (Long Coding),WriteDataByIdentifier DID 0xF1A3 (Long Coding),MultipleChoice,Yes / No,VERIFIED,Production-Ready
FEAT_0206_GAUGE_ARROW_OFFSET,car_setting_gauge_arrow_offset,Instruments: Displays & Nav,Gauge arrow offset,"VAG (VW, Audi, Skoda, SEAT)",PQ35 / MQB / MLB,0x17,INSTRUMENT_CLUSTER,UDS / KWP2000,Extended Diagnostic Session (0x10 0x03),ReadDataByIdentifier DID 0xF1A3 (Long Coding),WriteDataByIdentifier DID 0xF1A3 (Long Coding),MultipleChoice,Yes / No,VERIFIED,Production-Ready
FEAT_0207_GAUGE_ARROW_SENSITIVITY,car_setting_gauge_arrow_sensitivity,Instruments: Displays & Nav,Gauge arrow response sensitivity,"VAG (VW, Audi, Skoda, SEAT)",PQ35 / MQB / MLB,0x17,INSTRUMENT_CLUSTER,UDS / KWP2000,Extended Diagnostic Session (0x10 0x03),ReadDataByIdentifier DID 0xF1A3 (Long Coding),WriteDataByIdentifier DID 0xF1A3 (Long Coding),MultipleChoice,Yes / No,VERIFIED,Production-Ready
FEAT_0208_GENERAL_LED_UP_TO_6W,car_setting_general_led_up_to_6W,Other,General Led Up To 6W,"VAG (VW, Audi, Skoda, SEAT)",PQ35 / MQB / MLB,0x09,CENTRAL_ELECTRICS,UDS / KWP2000,Extended Diagnostic Session (0x10 0x03),ReadDataByIdentifier DID 0xF1A3 (Long Coding),WriteDataByIdentifier DID 0xF1A3 (Long Coding),MultipleChoice,Yes / No,VERIFIED,Production-Ready
FEAT_0209_HALDEX_SETUP,car_setting_haldex_setup,Other,Haldex AWD system setup,"VAG (VW, Audi, Skoda, SEAT)",PQ35 / MQB / MLB,0x09,CENTRAL_ELECTRICS,UDS / KWP2000,Extended Diagnostic Session (0x10 0x03),ReadDataByIdentifier DID 0xF1A3 (Long Coding),WriteDataByIdentifier DID 0xF1A3 (Long Coding),MultipleChoice,Yes / No,VERIFIED,Production-Ready
FEAT_0210_HAZARD_LIGHTS_AFTER_CRASH,car_setting_hazard_lights_after_crash,Other,Hazard Lights After Crash,"VAG (VW, Audi, Skoda, SEAT)",PQ35 / MQB / MLB,0x09,CENTRAL_ELECTRICS,UDS / KWP2000,Extended Diagnostic Session (0x10 0x03),ReadDataByIdentifier DID 0xF1A3 (Long Coding),WriteDataByIdentifier DID 0xF1A3 (Long Coding),MultipleChoice,Yes / No,VERIFIED,Production-Ready
FEAT_0211_HEADLIGHT_CLEANING,car_setting_headlight_cleaning,Other,Headlight cleaning,"VAG (VW, Audi, Skoda, SEAT)",PQ35 / MQB / MLB,0x09,CENTRAL_ELECTRICS,UDS / KWP2000,Extended Diagnostic Session (0x10 0x03),ReadDataByIdentifier DID 0xF1A3 (Long Coding),WriteDataByIdentifier DID 0xF1A3 (Long Coding),MultipleChoice,Yes / No,VERIFIED,Production-Ready
FEAT_0212_HEADLIGHT_WASHER,car_setting_headlight_washer,Wipers & Washer,Headlight Washer,"VAG (VW, Audi, Skoda, SEAT)",PQ35 / MQB / MLB,0x09,CENTRAL_ELECTRICS,UDS / KWP2000,Extended Diagnostic Session (0x10 0x03),ReadDataByIdentifier DID 0xF1A3 (Long Coding),WriteDataByIdentifier DID 0xF1A3 (Long Coding),MultipleChoice,Yes / No,VERIFIED,Production-Ready
FEAT_0213_HEADLIGHT_WASHERS_IF_EQUIPPED,car_setting_headlight_washers_if_equipped,Wipers & Washer,Headlight washers (if equipped),"VAG (VW, Audi, Skoda, SEAT)",PQ35 / MQB / MLB,0x09,CENTRAL_ELECTRICS,UDS / KWP2000,Extended Diagnostic Session (0x10 0x03),ReadDataByIdentifier DID 0xF1A3 (Long Coding),WriteDataByIdentifier DID 0xF1A3 (Long Coding),MultipleChoice,Yes / No,VERIFIED,Production-Ready
FEAT_0214_HEATED_WINDSHIELD_JETS_AND_MIRRORS,car_setting_heated_windshield_jets_and_mirrors,Mirrors,Heated Windshield Jets And Mirrors,"VAG (VW, Audi, Skoda, SEAT)",PQ35 / MQB / MLB,0x09,CENTRAL_ELECTRICS,UDS / KWP2000,Extended Diagnostic Session (0x10 0x03),ReadDataByIdentifier DID 0xF1A3 (Long Coding),WriteDataByIdentifier DID 0xF1A3 (Long Coding),MultipleChoice,Yes / No,VERIFIED,Production-Ready
FEAT_0215_HIDDEN_MENU_CAR_SETUP,car_setting_hidden_menu_car_setup,Other,Hidden (green) menu in dash screen via holding CAR + SETUP (req. restart),"VAG (VW, Audi, Skoda, SEAT)",PQ35 / MQB / MLB,0x09,CENTRAL_ELECTRICS,UDS / KWP2000,Extended Diagnostic Session (0x10 0x03),ReadDataByIdentifier DID 0xF1A3 (Long Coding),WriteDataByIdentifier DID 0xF1A3 (Long Coding),MultipleChoice,Yes / No,VERIFIED,Production-Ready
FEAT_0216_HIGH,car_setting_high,Other,High,"VAG (VW, Audi, Skoda, SEAT)",PQ35 / MQB / MLB,0x09,CENTRAL_ELECTRICS,UDS / KWP2000,Extended Diagnostic Session (0x10 0x03),ReadDataByIdentifier DID 0xF1A3 (Long Coding),WriteDataByIdentifier DID 0xF1A3 (Long Coding),MultipleChoice,Yes / No,VERIFIED,Production-Ready
FEAT_0217_HIGH_BEAM_ASSIST_AUTO,car_setting_high_beam_assist_auto,Lights: Exterior,High beam assist auto,"VAG (VW, Audi, Skoda, SEAT)",PQ35 / MQB / MLB,0x09,CENTRAL_ELECTRICS,UDS / KWP2000,Extended Diagnostic Session (0x10 0x03),ReadDataByIdentifier DID 0xF1A3 (Long Coding),WriteDataByIdentifier DID 0xF1A3 (Long Coding),MultipleChoice,Yes / No,VERIFIED,Production-Ready
FEAT_0218_HIGHWAY_LIGHTS,car_setting_highway_lights,Lights: Automatic,Highway lights,"VAG (VW, Audi, Skoda, SEAT)",PQ35 / MQB / MLB,0x09,CENTRAL_ELECTRICS,UDS / KWP2000,Extended Diagnostic Session (0x10 0x03),ReadDataByIdentifier DID 0xF1A3 (Long Coding),WriteDataByIdentifier DID 0xF1A3 (Long Coding),MultipleChoice,Yes / No,VERIFIED,Production-Ready
FEAT_0219_HILL_HOLD,car_setting_hill_hold,Other,Hill hold assist (if equipped),"VAG (VW, Audi, Skoda, SEAT)",PQ35 / MQB / MLB,0x09,CENTRAL_ELECTRICS,UDS / KWP2000,Extended Diagnostic Session (0x10 0x03),ReadDataByIdentifier DID 0xF1A3 (Long Coding),WriteDataByIdentifier DID 0xF1A3 (Long Coding),MultipleChoice,Yes / No,VERIFIED,Production-Ready
FEAT_0220_HILL_HOLD_RELEASE,car_setting_hill_hold_release,Other,Hill hold assist release,"VAG (VW, Audi, Skoda, SEAT)",PQ35 / MQB / MLB,0x09,CENTRAL_ELECTRICS,UDS / KWP2000,Extended Diagnostic Session (0x10 0x03),ReadDataByIdentifier DID 0xF1A3 (Long Coding),WriteDataByIdentifier DID 0xF1A3 (Long Coding),MultipleChoice,Yes / No,VERIFIED,Production-Ready
FEAT_0221_HILL_START_ASSIST_MODE,car_setting_hill_start_assist_mode,Other,Hill start assist disengagement,"VAG (VW, Audi, Skoda, SEAT)",PQ35 / MQB / MLB,0x09,CENTRAL_ELECTRICS,UDS / KWP2000,Extended Diagnostic Session (0x10 0x03),ReadDataByIdentifier DID 0xF1A3 (Long Coding),WriteDataByIdentifier DID 0xF1A3 (Long Coding),MultipleChoice,Yes / No,VERIFIED,Production-Ready
FEAT_0222_HORN_BEEPS_COUNT_LOCK,car_setting_horn_beeps_count_lock,Locking: Beep & Blink,Horn Beeps Count Lock,"VAG (VW, Audi, Skoda, SEAT)",PQ35 / MQB / MLB,0x09,CENTRAL_ELECTRICS,UDS / KWP2000,Extended Diagnostic Session (0x10 0x03),ReadDataByIdentifier DID 0xF1A3 (Long Coding),WriteDataByIdentifier DID 0xF1A3 (Long Coding),MultipleChoice,Yes / No,VERIFIED,Production-Ready
FEAT_0223_HORN_BEEPS_COUNT_UNLOCK,car_setting_horn_beeps_count_unlock,Locking: Beep & Blink,Horn Beeps Count Unlock,"VAG (VW, Audi, Skoda, SEAT)",PQ35 / MQB / MLB,0x09,CENTRAL_ELECTRICS,UDS / KWP2000,Extended Diagnostic Session (0x10 0x03),ReadDataByIdentifier DID 0xF1A3 (Long Coding),WriteDataByIdentifier DID 0xF1A3 (Long Coding),MultipleChoice,Yes / No,VERIFIED,Production-Ready
FEAT_0224_HORN_WITH_IGN_OFF,car_setting_horn_with_ign_off,Other,Horn works even when ignition is off,"VAG (VW, Audi, Skoda, SEAT)",PQ35 / MQB / MLB,0x09,CENTRAL_ELECTRICS,UDS / KWP2000,Extended Diagnostic Session (0x10 0x03),ReadDataByIdentifier DID 0xF1A3 (Long Coding),WriteDataByIdentifier DID 0xF1A3 (Long Coding),MultipleChoice,Yes / No,VERIFIED,Production-Ready
FEAT_0225_ICE_WARNING_THRESHOLD_ON_EXIT,car_setting_ice_warning_threshold_on_exit,Dings & Warnings,Ice warning temperature threshold (when exiting the vehicle),"VAG (VW, Audi, Skoda, SEAT)",PQ35 / MQB / MLB,0x09,CENTRAL_ELECTRICS,UDS / KWP2000,Extended Diagnostic Session (0x10 0x03),ReadDataByIdentifier DID 0xF1A3 (Long Coding),WriteDataByIdentifier DID 0xF1A3 (Long Coding),Numerical,Range / Percentage / Value steps,VERIFIED,Production-Ready
FEAT_0226_INDIVIDUALLY_ADJUSTABLE_SPEED_LIMIT,car_setting_individually_adjustable_speed_limit,Other,Individually adjustable speed limit,"VAG (VW, Audi, Skoda, SEAT)",PQ35 / MQB / MLB,0x09,CENTRAL_ELECTRICS,UDS / KWP2000,Extended Diagnostic Session (0x10 0x03),ReadDataByIdentifier DID 0xF1A3 (Long Coding),WriteDataByIdentifier DID 0xF1A3 (Long Coding),Numerical,Range / Percentage / Value steps,VERIFIED,Production-Ready
FEAT_0227_INSTR_NEEDLE_SWEEP,car_setting_instr_needle_sweep,Instruments: Displays & Nav,Gauge needle sweep at startup,"VAG (VW, Audi, Skoda, SEAT)",PQ35 / MQB / MLB,0x17,INSTRUMENT_CLUSTER,UDS / KWP2000,Extended Diagnostic Session (0x10 0x03),ReadDataByIdentifier DID 0xF1A3 (Long Coding),WriteDataByIdentifier DID 0xF1A3 (Long Coding),MultipleChoice,Yes / No,VERIFIED,Production-Ready
FEAT_0228_INSTR_NEEDLE_SWEEP_LAP_COUNTER_UPSHIFT_INDICATOR,car_setting_instr_needle_sweep_lap_counter_upshift_indicator,Instruments: Displays & Nav,Instr Needle Sweep Lap Counter Upshift Indicator,"VAG (VW, Audi, Skoda, SEAT)",PQ35 / MQB / MLB,0x17,INSTRUMENT_CLUSTER,UDS / KWP2000,Extended Diagnostic Session (0x10 0x03),ReadDataByIdentifier DID 0xF1A3 (Long Coding),WriteDataByIdentifier DID 0xF1A3 (Long Coding),MultipleChoice,Yes / No,VERIFIED,Production-Ready
FEAT_0229_INSTR_NEEDLE_SWEEP_LAP_TIMER_UPSHIFT_INDICATOR_SOME_MODULES_ONLY,car_setting_instr_needle_sweep_lap_timer_upshift_indicator_some_modules_only,Instruments: Displays & Nav,Instr Needle Sweep Lap Timer Upshift Indicator Some Modules Only,"VAG (VW, Audi, Skoda, SEAT)",PQ35 / MQB / MLB,0x17,INSTRUMENT_CLUSTER,UDS / KWP2000,Extended Diagnostic Session (0x10 0x03),ReadDataByIdentifier DID 0xF1A3 (Long Coding),WriteDataByIdentifier DID 0xF1A3 (Long Coding),Numerical,Range / Percentage / Value steps,VERIFIED,Production-Ready
FEAT_0230_INSTRUCTION_AUTOMATIC_DRIVEAWAY_AFTER_SHORT_STOP,car_setting_instruction_automatic_driveaway_after_short_stop,Other,Instruction Automatic Driveaway After Short Stop,"VAG (VW, Audi, Skoda, SEAT)",PQ35 / MQB / MLB,0x09,CENTRAL_ELECTRICS,UDS / KWP2000,Extended Diagnostic Session (0x10 0x03),ReadDataByIdentifier DID 0xF1A3 (Long Coding),WriteDataByIdentifier DID 0xF1A3 (Long Coding),MultipleChoice,Yes / No,VERIFIED,Production-Ready
FEAT_0231_INSTRUCTION_BATTERY_CHARGE_DISPLAY_MK7,car_setting_instruction_battery_charge_display_mk7,Other,Instruction Battery Charge Display Mk7,"VAG (VW, Audi, Skoda, SEAT)",PQ35 / MQB / MLB,0x09,CENTRAL_ELECTRICS,UDS / KWP2000,Extended Diagnostic Session (0x10 0x03),ReadDataByIdentifier DID 0xF1A3 (Long Coding),WriteDataByIdentifier DID 0xF1A3 (Long Coding),MultipleChoice,Yes / No,VERIFIED,Production-Ready
FEAT_0232_INSTRUCTION_DRIVING_SCHOOL_MIB1,car_setting_instruction_driving_school_mib1,Other,Instruction Driving School Mib1,"VAG (VW, Audi, Skoda, SEAT)",PQ35 / MQB / MLB,0x09,CENTRAL_ELECTRICS,UDS / KWP2000,Extended Diagnostic Session (0x10 0x03),ReadDataByIdentifier DID 0xF1A3 (Long Coding),WriteDataByIdentifier DID 0xF1A3 (Long Coding),MultipleChoice,Yes / No,VERIFIED,Production-Ready
FEAT_0233_INSTRUCTION_EASY_ENTRY_EXIT_B9,car_setting_instruction_easy_entry_exit_b9,Locking: Smart Key (KESSY),Instruction Easy Entry Exit B9,"VAG (VW, Audi, Skoda, SEAT)",PQ35 / MQB / MLB,0x09,CENTRAL_ELECTRICS,UDS / KWP2000,Extended Diagnostic Session (0x10 0x03),ReadDataByIdentifier DID 0xF1A3 (Long Coding),WriteDataByIdentifier DID 0xF1A3 (Long Coding),MultipleChoice,Yes / No,VERIFIED,Production-Ready
FEAT_0234_INSTRUCTION_GAUGE_ARROW_OFFSET,car_setting_instruction_gauge_arrow_offset,Instruments: Displays & Nav,"Larger values move the arrow offset to the left, smaller values move it to the right.","VAG (VW, Audi, Skoda, SEAT)",PQ35 / MQB / MLB,0x17,INSTRUMENT_CLUSTER,UDS / KWP2000,Extended Diagnostic Session (0x10 0x03),ReadDataByIdentifier DID 0xF1A3 (Long Coding),WriteDataByIdentifier DID 0xF1A3 (Long Coding),MultipleChoice,Yes / No,VERIFIED,Production-Ready
FEAT_0235_INSTRUCTION_HIGHWAY_LIGHTS,car_setting_instruction_highway_lights,Lights: Automatic,"The effect of this customization depends on the front lights installed:
Xenon plus: high beams tilt up above 140 km/h (90 mph).
Others: low beams turn on automatically above 140 km/h (90 mph).","VAG (VW, Audi, Skoda, SEAT)",PQ35 / MQB / MLB,0x09,CENTRAL_ELECTRICS,UDS / KWP2000,Extended Diagnostic Session (0x10 0x03),ReadDataByIdentifier DID 0xF1A3 (Long Coding),WriteDataByIdentifier DID 0xF1A3 (Long Coding),MultipleChoice,Yes / No,VERIFIED,Production-Ready
FEAT_0236_INSTRUCTION_LOWER_MIRROR_WITH_SWITCH_PASS,car_setting_instruction_lower_mirror_with_switch_pass,Mirrors,Note that this works only if your power mirror switch is set to control the passenger-side mirror.,"VAG (VW, Audi, Skoda, SEAT)",PQ35 / MQB / MLB,0x09,CENTRAL_ELECTRICS,UDS / KWP2000,Extended Diagnostic Session (0x10 0x03),ReadDataByIdentifier DID 0xF1A3 (Long Coding),WriteDataByIdentifier DID 0xF1A3 (Long Coding),MultipleChoice,Yes / No,VERIFIED,Production-Ready
FEAT_0237_INSTRUCTION_MAY_NOT_WORK,car_setting_instruction_may_not_work,Other,"This customization may fail to save on some cars. If it does, that means your car doesn't support it.","VAG (VW, Audi, Skoda, SEAT)",PQ35 / MQB / MLB,0x09,CENTRAL_ELECTRICS,UDS / KWP2000,Extended Diagnostic Session (0x10 0x03),ReadDataByIdentifier DID 0xF1A3 (Long Coding),WriteDataByIdentifier DID 0xF1A3 (Long Coding),MultipleChoice,Yes / No,VERIFIED,Production-Ready
FEAT_0238_INSTRUCTION_MAY_NOT_WORK_TRY_A_FEW_TIMES,car_setting_instruction_may_not_work_try_a_few_times,Other,"This setting is still experimental and it may fail to save. Feel free to try a few times, and if it still doesn't work, rest assured that we know about it and are working on it.","VAG (VW, Audi, Skoda, SEAT)",PQ35 / MQB / MLB,0x09,CENTRAL_ELECTRICS,UDS / KWP2000,Extended Diagnostic Session (0x10 0x03),ReadDataByIdentifier DID 0xF1A3 (Long Coding),WriteDataByIdentifier DID 0xF1A3 (Long Coding),Numerical,Range / Percentage / Value steps,VERIFIED,Production-Ready
FEAT_0239_INSTRUCTION_REQ_INFOTAINMENT_REBOOT,car_setting_instruction_req_infotainment_reboot,Other,Please note that this customization requires infotainment reboot.,"VAG (VW, Audi, Skoda, SEAT)",PQ35 / MQB / MLB,0x09,CENTRAL_ELECTRICS,UDS / KWP2000,Extended Diagnostic Session (0x10 0x03),ReadDataByIdentifier DID 0xF1A3 (Long Coding),WriteDataByIdentifier DID 0xF1A3 (Long Coding),MultipleChoice,Yes / No,VERIFIED,Production-Ready
FEAT_0240_INSTRUCTION_REQUIRES_HIGHLINE_TAIL_LIGHTS,car_setting_instruction_requires_highline_tail_lights,Lights: Exterior,Instruction Requires Highline Tail Lights,"VAG (VW, Audi, Skoda, SEAT)",PQ35 / MQB / MLB,0x09,CENTRAL_ELECTRICS,UDS / KWP2000,Extended Diagnostic Session (0x10 0x03),ReadDataByIdentifier DID 0xF1A3 (Long Coding),WriteDataByIdentifier DID 0xF1A3 (Long Coding),MultipleChoice,Yes / No,VERIFIED,Production-Ready
FEAT_0241_INSTRUCTION_REQUIRES_SENSORS,car_setting_instruction_requires_sensors,Other,Note that this setting only works if the car has the required sensors (most S and RS cars do).,"VAG (VW, Audi, Skoda, SEAT)",PQ35 / MQB / MLB,0x09,CENTRAL_ELECTRICS,UDS / KWP2000,Extended Diagnostic Session (0x10 0x03),ReadDataByIdentifier DID 0xF1A3 (Long Coding),WriteDataByIdentifier DID 0xF1A3 (Long Coding),MultipleChoice,Yes / No,VERIFIED,Production-Ready
FEAT_0242_INSTRUCTION_SETTINGS_WITH_STEPS,car_setting_instruction_settings_with_steps,Other,Note that you need to enable all steps for this to work.,"VAG (VW, Audi, Skoda, SEAT)",PQ35 / MQB / MLB,0x09,CENTRAL_ELECTRICS,UDS / KWP2000,Extended Diagnostic Session (0x10 0x03),ReadDataByIdentifier DID 0xF1A3 (Long Coding),WriteDataByIdentifier DID 0xF1A3 (Long Coding),MultipleChoice,Yes / No,VERIFIED,Production-Ready
FEAT_0243_INSTRUCTION_TRANSMISSION_FLUILD_TEMP,car_setting_instruction_transmission_fluild_temp,Other,Typical transmission fluid temperature is around 82 - 94 °C (180 - 200 °F).,"VAG (VW, Audi, Skoda, SEAT)",PQ35 / MQB / MLB,0x09,CENTRAL_ELECTRICS,UDS / KWP2000,Extended Diagnostic Session (0x10 0x03),ReadDataByIdentifier DID 0xF1A3 (Long Coding),WriteDataByIdentifier DID 0xF1A3 (Long Coding),MultipleChoice,Yes / No,VERIFIED,Production-Ready
FEAT_0244_INSTRUMENT_CLUSTER_LCD_BACKGROUND,car_setting_instrument_cluster_lcd_background,Instruments: Displays & Nav,Instrument cluster LCD background,"VAG (VW, Audi, Skoda, SEAT)",PQ35 / MQB / MLB,0x17,INSTRUMENT_CLUSTER,UDS / KWP2000,Extended Diagnostic Session (0x10 0x03),ReadDataByIdentifier DID 0xF1A3 (Long Coding),WriteDataByIdentifier DID 0xF1A3 (Long Coding),MultipleChoice,Yes / No,VERIFIED,Production-Ready
FEAT_0245_INSTRUMENT_LIGHTS_AFTER_CRASH,car_setting_instrument_lights_after_crash,Other,Instrument Lights After Crash,"VAG (VW, Audi, Skoda, SEAT)",PQ35 / MQB / MLB,0x09,CENTRAL_ELECTRICS,UDS / KWP2000,Extended Diagnostic Session (0x10 0x03),ReadDataByIdentifier DID 0xF1A3 (Long Coding),WriteDataByIdentifier DID 0xF1A3 (Long Coding),MultipleChoice,Yes / No,VERIFIED,Production-Ready
FEAT_0246_INTERIOR_LIGHTS_DISCO_MODE,car_setting_interior_lights_disco_mode,Lights: Interior,Interior Lights Disco Mode,"VAG (VW, Audi, Skoda, SEAT)",PQ35 / MQB / MLB,0x09,CENTRAL_ELECTRICS,UDS / KWP2000,Extended Diagnostic Session (0x10 0x03),ReadDataByIdentifier DID 0xF1A3 (Long Coding),WriteDataByIdentifier DID 0xF1A3 (Long Coding),MultipleChoice,Yes / No,VERIFIED,Production-Ready
FEAT_0247_INTERVAL,car_setting_interval,Other,Interval,"VAG (VW, Audi, Skoda, SEAT)",PQ35 / MQB / MLB,0x09,CENTRAL_ELECTRICS,UDS / KWP2000,Extended Diagnostic Session (0x10 0x03),ReadDataByIdentifier DID 0xF1A3 (Long Coding),WriteDataByIdentifier DID 0xF1A3 (Long Coding),MultipleChoice,Yes / No,VERIFIED,Production-Ready
FEAT_0248_INTRO_CLUSTER_GAUGE_CONFIG,car_setting_intro_cluster_gauge_config,Instruments: Displays & Nav,Allows you to configure the small gauge on the right side of the instrument cluster. Please note that this tool may not be supported on diesel vehicles.,"VAG (VW, Audi, Skoda, SEAT)",PQ35 / MQB / MLB,0x17,INSTRUMENT_CLUSTER,UDS / KWP2000,Extended Diagnostic Session (0x10 0x03),ReadDataByIdentifier DID 0xF1A3 (Long Coding),WriteDataByIdentifier DID 0xF1A3 (Long Coding),MultipleChoice,Yes / No,VERIFIED,Production-Ready
FEAT_0249_JETS,car_setting_jets,Other,Jets,"VAG (VW, Audi, Skoda, SEAT)",PQ35 / MQB / MLB,0x09,CENTRAL_ELECTRICS,UDS / KWP2000,Extended Diagnostic Session (0x10 0x03),ReadDataByIdentifier DID 0xF1A3 (Long Coding),WriteDataByIdentifier DID 0xF1A3 (Long Coding),MultipleChoice,Yes / No,VERIFIED,Production-Ready
FEAT_0250_JETS_AND_MIRRORS,car_setting_jets_and_mirrors,Mirrors,Jets And Mirrors,"VAG (VW, Audi, Skoda, SEAT)",PQ35 / MQB / MLB,0x09,CENTRAL_ELECTRICS,UDS / KWP2000,Extended Diagnostic Session (0x10 0x03),ReadDataByIdentifier DID 0xF1A3 (Long Coding),WriteDataByIdentifier DID 0xF1A3 (Long Coding),MultipleChoice,Yes / No,VERIFIED,Production-Ready
FEAT_0251_KEYLESS_ENTRY_IN_INFOTAINMENT,car_setting_keyless_entry_in_infotainment,Locking: Smart Key (KESSY),Keyless Entry In Infotainment,"VAG (VW, Audi, Skoda, SEAT)",PQ35 / MQB / MLB,0x09,CENTRAL_ELECTRICS,UDS / KWP2000,Extended Diagnostic Session (0x10 0x03),ReadDataByIdentifier DID 0xF1A3 (Long Coding),WriteDataByIdentifier DID 0xF1A3 (Long Coding),MultipleChoice,Yes / No,VERIFIED,Production-Ready
FEAT_0252_LANGUAGE,car_setting_language,Instruments: Language & Units,Instrument cluster language,"VAG (VW, Audi, Skoda, SEAT)",PQ35 / MQB / MLB,0x17,INSTRUMENT_CLUSTER,UDS / KWP2000,Extended Diagnostic Session (0x10 0x03),ReadDataByIdentifier DID 0xF1A3 (Long Coding),WriteDataByIdentifier DID 0xF1A3 (Long Coding),MultipleChoice,Yes / No,VERIFIED,Production-Ready
FEAT_0253_LAP_COUNTER,car_setting_lap_counter,Other,Lap Counter,"VAG (VW, Audi, Skoda, SEAT)",PQ35 / MQB / MLB,0x09,CENTRAL_ELECTRICS,UDS / KWP2000,Extended Diagnostic Session (0x10 0x03),ReadDataByIdentifier DID 0xF1A3 (Long Coding),WriteDataByIdentifier DID 0xF1A3 (Long Coding),MultipleChoice,Yes / No,VERIFIED,Production-Ready
FEAT_0254_LAP_COUNTER_NEEDLE_SWEEP,car_setting_lap_counter_needle_sweep,Instruments: Displays & Nav,Lap Counter Needle Sweep,"VAG (VW, Audi, Skoda, SEAT)",PQ35 / MQB / MLB,0x17,INSTRUMENT_CLUSTER,UDS / KWP2000,Extended Diagnostic Session (0x10 0x03),ReadDataByIdentifier DID 0xF1A3 (Long Coding),WriteDataByIdentifier DID 0xF1A3 (Long Coding),MultipleChoice,Yes / No,VERIFIED,Production-Ready
FEAT_0255_LAP_TIMER_OIL_TEMP,car_setting_lap_timer_oil_temp,Instruments: Displays & Nav,Lap timer and oil temperature in dashboard,"VAG (VW, Audi, Skoda, SEAT)",PQ35 / MQB / MLB,0x17,INSTRUMENT_CLUSTER,UDS / KWP2000,Extended Diagnostic Session (0x10 0x03),ReadDataByIdentifier DID 0xF1A3 (Long Coding),WriteDataByIdentifier DID 0xF1A3 (Long Coding),Numerical,Range / Percentage / Value steps,VERIFIED,Production-Ready
FEAT_0256_LEAVING_HOME,car_setting_leaving_home,Lights: Coming/Leaving Home,Leaving-home lights,"VAG (VW, Audi, Skoda, SEAT)",PQ35 / MQB / MLB,0x09,CENTRAL_ELECTRICS,UDS / KWP2000,Extended Diagnostic Session (0x10 0x03),ReadDataByIdentifier DID 0xF1A3 (Long Coding),WriteDataByIdentifier DID 0xF1A3 (Long Coding),MultipleChoice,Yes / No,VERIFIED,Production-Ready
FEAT_0257_LEAVING_HOME_DURATION,car_setting_leaving_home_duration,Lights: Coming/Leaving Home,Leaving-home lights duration,"VAG (VW, Audi, Skoda, SEAT)",PQ35 / MQB / MLB,0x09,CENTRAL_ELECTRICS,UDS / KWP2000,Extended Diagnostic Session (0x10 0x03),ReadDataByIdentifier DID 0xF1A3 (Long Coding),WriteDataByIdentifier DID 0xF1A3 (Long Coding),MultipleChoice,Yes / No,VERIFIED,Production-Ready
FEAT_0258_LEAVING_HOME_REQ_RLS,car_setting_leaving_home_req_rls,Lights: Coming/Leaving Home,Leaving-home lights (req. auto headlights),"VAG (VW, Audi, Skoda, SEAT)",PQ35 / MQB / MLB,0x09,CENTRAL_ELECTRICS,UDS / KWP2000,Extended Diagnostic Session (0x10 0x03),ReadDataByIdentifier DID 0xF1A3 (Long Coding),WriteDataByIdentifier DID 0xF1A3 (Long Coding),MultipleChoice,Yes / No,VERIFIED,Production-Ready
FEAT_0259_LEAVING_SOUND_REQ_REBOOT,car_setting_leaving_sound_req_reboot,Other,Leaving Sound Req Reboot,"VAG (VW, Audi, Skoda, SEAT)",PQ35 / MQB / MLB,0x09,CENTRAL_ELECTRICS,UDS / KWP2000,Extended Diagnostic Session (0x10 0x03),ReadDataByIdentifier DID 0xF1A3 (Long Coding),WriteDataByIdentifier DID 0xF1A3 (Long Coding),MultipleChoice,Yes / No,VERIFIED,Production-Ready
FEAT_0260_LED_DAYTIME_RUNNING_LIGHTS,car_setting_led_daytime_running_lights,Lights: Daytime Running Lights (DRL),LED lights,"VAG (VW, Audi, Skoda, SEAT)",PQ35 / MQB / MLB,0x09,CENTRAL_ELECTRICS,UDS / KWP2000,Extended Diagnostic Session (0x10 0x03),ReadDataByIdentifier DID 0xF1A3 (Long Coding),WriteDataByIdentifier DID 0xF1A3 (Long Coding),Numerical,Range / Percentage / Value steps,VERIFIED,Production-Ready
FEAT_0261_LED_LOW_POWER,car_setting_led_low_power,Other,LED low power,"VAG (VW, Audi, Skoda, SEAT)",PQ35 / MQB / MLB,0x09,CENTRAL_ELECTRICS,UDS / KWP2000,Extended Diagnostic Session (0x10 0x03),ReadDataByIdentifier DID 0xF1A3 (Long Coding),WriteDataByIdentifier DID 0xF1A3 (Long Coding),MultipleChoice,Yes / No,VERIFIED,Production-Ready
FEAT_0262_LIGHT_SENSOR_HEADLIGHTS,car_setting_light_sensor_headlights,Other,Light Sensor Headlights,"VAG (VW, Audi, Skoda, SEAT)",PQ35 / MQB / MLB,0x09,CENTRAL_ELECTRICS,UDS / KWP2000,Extended Diagnostic Session (0x10 0x03),ReadDataByIdentifier DID 0xF1A3 (Long Coding),WriteDataByIdentifier DID 0xF1A3 (Long Coding),MultipleChoice,Yes / No,VERIFIED,Production-Ready
FEAT_0263_LOW,car_setting_low,Other,Low,"VAG (VW, Audi, Skoda, SEAT)",PQ35 / MQB / MLB,0x09,CENTRAL_ELECTRICS,UDS / KWP2000,Extended Diagnostic Session (0x10 0x03),ReadDataByIdentifier DID 0xF1A3 (Long Coding),WriteDataByIdentifier DID 0xF1A3 (Long Coding),MultipleChoice,Yes / No,VERIFIED,Production-Ready
FEAT_0264_LOW_POWER_MODE,car_setting_low_power_mode,Other,Vehicle low-power mode,"VAG (VW, Audi, Skoda, SEAT)",PQ35 / MQB / MLB,0x09,CENTRAL_ELECTRICS,UDS / KWP2000,Extended Diagnostic Session (0x10 0x03),ReadDataByIdentifier DID 0xF1A3 (Long Coding),WriteDataByIdentifier DID 0xF1A3 (Long Coding),MultipleChoice,Yes / No,VERIFIED,Production-Ready
FEAT_0265_LOWER_DRIVER_MIRROR_IN_REVERSE,car_setting_lower_driver_mirror_in_reverse,Mirrors,Lower driver-side mirror when in reverse gear,"VAG (VW, Audi, Skoda, SEAT)",PQ35 / MQB / MLB,0x09,CENTRAL_ELECTRICS,UDS / KWP2000,Extended Diagnostic Session (0x10 0x03),ReadDataByIdentifier DID 0xF1A3 (Long Coding),WriteDataByIdentifier DID 0xF1A3 (Long Coding),MultipleChoice,Yes / No,VERIFIED,Production-Ready
FEAT_0266_LOWER_DRIVER_MIRROR_IN_REVERSE_STEP_3,car_setting_lower_driver_mirror_in_reverse_step_3,Mirrors,Lower Driver Mirror In Reverse Step 3,"VAG (VW, Audi, Skoda, SEAT)",PQ35 / MQB / MLB,0x09,CENTRAL_ELECTRICS,UDS / KWP2000,Extended Diagnostic Session (0x10 0x03),ReadDataByIdentifier DID 0xF1A3 (Long Coding),WriteDataByIdentifier DID 0xF1A3 (Long Coding),MultipleChoice,Yes / No,VERIFIED,Production-Ready
FEAT_0267_LOWER_MIRROR_IN_REVERSE,car_setting_lower_mirror_in_reverse,Mirrors,Lower passenger-side mirror when in reverse gear,"VAG (VW, Audi, Skoda, SEAT)",PQ35 / MQB / MLB,0x09,CENTRAL_ELECTRICS,UDS / KWP2000,Extended Diagnostic Session (0x10 0x03),ReadDataByIdentifier DID 0xF1A3 (Long Coding),WriteDataByIdentifier DID 0xF1A3 (Long Coding),MultipleChoice,Yes / No,VERIFIED,Production-Ready
FEAT_0268_LOWER_MIRROR_IN_REVERSE_GLOBAL,car_setting_lower_mirror_in_reverse_global,Mirrors,Allow lowering passenger-side mirror when in reverse gear,"VAG (VW, Audi, Skoda, SEAT)",PQ35 / MQB / MLB,0x09,CENTRAL_ELECTRICS,UDS / KWP2000,Extended Diagnostic Session (0x10 0x03),ReadDataByIdentifier DID 0xF1A3 (Long Coding),WriteDataByIdentifier DID 0xF1A3 (Long Coding),MultipleChoice,Yes / No,VERIFIED,Production-Ready
FEAT_0269_LOWER_MIRROR_IN_REVERSE_REQ_MEMORY_SEATS,car_setting_lower_mirror_in_reverse_req_memory_seats,Mirrors,Lower passenger-side mirror when in reverse gear (req. memory seats),"VAG (VW, Audi, Skoda, SEAT)",PQ35 / MQB / MLB,0x09,CENTRAL_ELECTRICS,UDS / KWP2000,Extended Diagnostic Session (0x10 0x03),ReadDataByIdentifier DID 0xF1A3 (Long Coding),WriteDataByIdentifier DID 0xF1A3 (Long Coding),MultipleChoice,Yes / No,VERIFIED,Production-Ready
FEAT_0270_MEDIUM,car_setting_medium,Other,Medium,"VAG (VW, Audi, Skoda, SEAT)",PQ35 / MQB / MLB,0x09,CENTRAL_ELECTRICS,UDS / KWP2000,Extended Diagnostic Session (0x10 0x03),ReadDataByIdentifier DID 0xF1A3 (Long Coding),WriteDataByIdentifier DID 0xF1A3 (Long Coding),MultipleChoice,Yes / No,VERIFIED,Production-Ready
FEAT_0271_MEMORY_FOR_LOWERING_DRIVER_MIRROR_IN_REVERSE,car_setting_memory_for_lowering_driver_mirror_in_reverse,Mirrors,Memory For Lowering Driver Mirror In Reverse,"VAG (VW, Audi, Skoda, SEAT)",PQ35 / MQB / MLB,0x09,CENTRAL_ELECTRICS,UDS / KWP2000,Extended Diagnostic Session (0x10 0x03),ReadDataByIdentifier DID 0xF1A3 (Long Coding),WriteDataByIdentifier DID 0xF1A3 (Long Coding),MultipleChoice,Yes / No,VERIFIED,Production-Ready
FEAT_0272_MEMORY_FOR_LOWERING_DRIVER_MIRROR_IN_REVERSE_STEP_1,car_setting_memory_for_lowering_driver_mirror_in_reverse_step_1,Mirrors,Memory For Lowering Driver Mirror In Reverse Step 1,"VAG (VW, Audi, Skoda, SEAT)",PQ35 / MQB / MLB,0x09,CENTRAL_ELECTRICS,UDS / KWP2000,Extended Diagnostic Session (0x10 0x03),ReadDataByIdentifier DID 0xF1A3 (Long Coding),WriteDataByIdentifier DID 0xF1A3 (Long Coding),MultipleChoice,Yes / No,VERIFIED,Production-Ready
FEAT_0273_MEMORY_FOR_LOWERING_DRIVER_MIRROR_IN_REVERSE_STEP_2,car_setting_memory_for_lowering_driver_mirror_in_reverse_step_2,Mirrors,Memory For Lowering Driver Mirror In Reverse Step 2,"VAG (VW, Audi, Skoda, SEAT)",PQ35 / MQB / MLB,0x09,CENTRAL_ELECTRICS,UDS / KWP2000,Extended Diagnostic Session (0x10 0x03),ReadDataByIdentifier DID 0xF1A3 (Long Coding),WriteDataByIdentifier DID 0xF1A3 (Long Coding),MultipleChoice,Yes / No,VERIFIED,Production-Ready
FEAT_0274_MEMORY_FOR_LOWERING_MIRROR_IN_REVERSE,car_setting_memory_for_lowering_mirror_in_reverse,Mirrors,Remember position when lowering passenger-side mirror in reverse gear,"VAG (VW, Audi, Skoda, SEAT)",PQ35 / MQB / MLB,0x09,CENTRAL_ELECTRICS,UDS / KWP2000,Extended Diagnostic Session (0x10 0x03),ReadDataByIdentifier DID 0xF1A3 (Long Coding),WriteDataByIdentifier DID 0xF1A3 (Long Coding),MultipleChoice,Yes / No,VERIFIED,Production-Ready
FEAT_0275_MEMORY_FOR_LOWERING_MIRROR_IN_REVERSE_STEP_1,car_setting_memory_for_lowering_mirror_in_reverse_step_1,Mirrors,Memory For Lowering Mirror In Reverse Step 1,"VAG (VW, Audi, Skoda, SEAT)",PQ35 / MQB / MLB,0x09,CENTRAL_ELECTRICS,UDS / KWP2000,Extended Diagnostic Session (0x10 0x03),ReadDataByIdentifier DID 0xF1A3 (Long Coding),WriteDataByIdentifier DID 0xF1A3 (Long Coding),MultipleChoice,Yes / No,VERIFIED,Production-Ready
FEAT_0276_MEMORY_FOR_LOWERING_MIRROR_IN_REVERSE_STEP_2,car_setting_memory_for_lowering_mirror_in_reverse_step_2,Mirrors,Memory For Lowering Mirror In Reverse Step 2,"VAG (VW, Audi, Skoda, SEAT)",PQ35 / MQB / MLB,0x09,CENTRAL_ELECTRICS,UDS / KWP2000,Extended Diagnostic Session (0x10 0x03),ReadDataByIdentifier DID 0xF1A3 (Long Coding),WriteDataByIdentifier DID 0xF1A3 (Long Coding),MultipleChoice,Yes / No,VERIFIED,Production-Ready
FEAT_0277_MICROPHONE_SENSITIVITY,car_setting_microphone_sensitivity,Other,Microphone sensitivity,"VAG (VW, Audi, Skoda, SEAT)",PQ35 / MQB / MLB,0x09,CENTRAL_ELECTRICS,UDS / KWP2000,Extended Diagnostic Session (0x10 0x03),ReadDataByIdentifier DID 0xF1A3 (Long Coding),WriteDataByIdentifier DID 0xF1A3 (Long Coding),MultipleChoice,Yes / No,VERIFIED,Production-Ready
FEAT_0278_MIRROR_ADJ_IN_DASH,car_setting_mirror_adj_in_dash,Mirrors,Mirror Adj In Dash,"VAG (VW, Audi, Skoda, SEAT)",PQ35 / MQB / MLB,0x09,CENTRAL_ELECTRICS,UDS / KWP2000,Extended Diagnostic Session (0x10 0x03),ReadDataByIdentifier DID 0xF1A3 (Long Coding),WriteDataByIdentifier DID 0xF1A3 (Long Coding),MultipleChoice,Yes / No,VERIFIED,Production-Ready
FEAT_0279_MIRROR_HEATING_WITH_REAR_WINDOW_HEATER,car_setting_mirror_heating_with_rear_window_heater,Windows & Sunroof,Activate side mirror heaters when rear window defroster is on,"VAG (VW, Audi, Skoda, SEAT)",PQ35 / MQB / MLB,0x09,CENTRAL_ELECTRICS,UDS / KWP2000,Extended Diagnostic Session (0x10 0x03),ReadDataByIdentifier DID 0xF1A3 (Long Coding),WriteDataByIdentifier DID 0xF1A3 (Long Coding),MultipleChoice,Yes / No,VERIFIED,Production-Ready
FEAT_0280_MIRROR_SYNCHRONOUS,car_setting_mirror_synchronous,Mirrors,Synchronous mirror adjustment,"VAG (VW, Audi, Skoda, SEAT)",PQ35 / MQB / MLB,0x09,CENTRAL_ELECTRICS,UDS / KWP2000,Extended Diagnostic Session (0x10 0x03),ReadDataByIdentifier DID 0xF1A3 (Long Coding),WriteDataByIdentifier DID 0xF1A3 (Long Coding),MultipleChoice,Yes / No,VERIFIED,Production-Ready
FEAT_0281_NAVIGATION_COMPASS_DISPLAY,car_setting_navigation_compass_display,Other,Navigation compass display,"VAG (VW, Audi, Skoda, SEAT)",PQ35 / MQB / MLB,0x09,CENTRAL_ELECTRICS,UDS / KWP2000,Extended Diagnostic Session (0x10 0x03),ReadDataByIdentifier DID 0xF1A3 (Long Coding),WriteDataByIdentifier DID 0xF1A3 (Long Coding),MultipleChoice,Yes / No,VERIFIED,Production-Ready
FEAT_0282_NOISE_VIBRATION_REDUCTION,car_setting_noise_vibration_reduction,Other,Noise Vibration Reduction,"VAG (VW, Audi, Skoda, SEAT)",PQ35 / MQB / MLB,0x09,CENTRAL_ELECTRICS,UDS / KWP2000,Extended Diagnostic Session (0x10 0x03),ReadDataByIdentifier DID 0xF1A3 (Long Coding),WriteDataByIdentifier DID 0xF1A3 (Long Coding),MultipleChoice,Yes / No,VERIFIED,Production-Ready
FEAT_0283_NOT_DEFINED,car_setting_not_defined,Other,Not defined,"VAG (VW, Audi, Skoda, SEAT)",PQ35 / MQB / MLB,0x09,CENTRAL_ELECTRICS,UDS / KWP2000,Extended Diagnostic Session (0x10 0x03),ReadDataByIdentifier DID 0xF1A3 (Long Coding),WriteDataByIdentifier DID 0xF1A3 (Long Coding),MultipleChoice,Yes / No,VERIFIED,Production-Ready
FEAT_0284_NUM_FRONT_WASHER_ACTIVE_WO_HEADLIGHT_WASHER_ACTIVE,car_setting_num_front_washer_active_wo_headlight_washer_active,Wipers & Washer,Activate headlight washers once every … times the windshield washer is used,"VAG (VW, Audi, Skoda, SEAT)",PQ35 / MQB / MLB,0x09,CENTRAL_ELECTRICS,UDS / KWP2000,Extended Diagnostic Session (0x10 0x03),ReadDataByIdentifier DID 0xF1A3 (Long Coding),WriteDataByIdentifier DID 0xF1A3 (Long Coding),MultipleChoice,Enabled / Disabled,VERIFIED,Production-Ready
FEAT_0285_OIL_TEMP_DISPLAY,car_setting_oil_temp_display,Instruments: Displays & Nav,Oil temperature display,"VAG (VW, Audi, Skoda, SEAT)",PQ35 / MQB / MLB,0x17,INSTRUMENT_CLUSTER,UDS / KWP2000,Extended Diagnostic Session (0x10 0x03),ReadDataByIdentifier DID 0xF1A3 (Long Coding),WriteDataByIdentifier DID 0xF1A3 (Long Coding),MultipleChoice,Yes / No,VERIFIED,Production-Ready
FEAT_0286_OIL_TEMP_POSITION_0,car_setting_oil_temp_position_0,Other,Oil temperature (position 0),"VAG (VW, Audi, Skoda, SEAT)",PQ35 / MQB / MLB,0x09,CENTRAL_ELECTRICS,UDS / KWP2000,Extended Diagnostic Session (0x10 0x03),ReadDataByIdentifier DID 0xF1A3 (Long Coding),WriteDataByIdentifier DID 0xF1A3 (Long Coding),MultipleChoice,Yes / No,VERIFIED,Production-Ready
FEAT_0287_OIL_TEMP_POSITION_1,car_setting_oil_temp_position_1,Other,Oil temperature (position 1),"VAG (VW, Audi, Skoda, SEAT)",PQ35 / MQB / MLB,0x09,CENTRAL_ELECTRICS,UDS / KWP2000,Extended Diagnostic Session (0x10 0x03),ReadDataByIdentifier DID 0xF1A3 (Long Coding),WriteDataByIdentifier DID 0xF1A3 (Long Coding),MultipleChoice,Yes / No,VERIFIED,Production-Ready
FEAT_0288_OIL_TEMP_POSITION_2,car_setting_oil_temp_position_2,Other,Oil temperature (position 2),"VAG (VW, Audi, Skoda, SEAT)",PQ35 / MQB / MLB,0x09,CENTRAL_ELECTRICS,UDS / KWP2000,Extended Diagnostic Session (0x10 0x03),ReadDataByIdentifier DID 0xF1A3 (Long Coding),WriteDataByIdentifier DID 0xF1A3 (Long Coding),MultipleChoice,Yes / No,VERIFIED,Production-Ready
FEAT_0289_OIL_TEMP_POSITION_3,car_setting_oil_temp_position_3,Other,Oil temperature (position 3),"VAG (VW, Audi, Skoda, SEAT)",PQ35 / MQB / MLB,0x09,CENTRAL_ELECTRICS,UDS / KWP2000,Extended Diagnostic Session (0x10 0x03),ReadDataByIdentifier DID 0xF1A3 (Long Coding),WriteDataByIdentifier DID 0xF1A3 (Long Coding),MultipleChoice,Yes / No,VERIFIED,Production-Ready
FEAT_0290_OIL_TEMP_POSITION_4,car_setting_oil_temp_position_4,Other,Oil temperature (position 4),"VAG (VW, Audi, Skoda, SEAT)",PQ35 / MQB / MLB,0x09,CENTRAL_ELECTRICS,UDS / KWP2000,Extended Diagnostic Session (0x10 0x03),ReadDataByIdentifier DID 0xF1A3 (Long Coding),WriteDataByIdentifier DID 0xF1A3 (Long Coding),MultipleChoice,Yes / No,VERIFIED,Production-Ready
FEAT_0291_ONLINE_TRAFFIC_UPDATES,car_setting_online_traffic_updates,Other,Online Traffic Updates,"VAG (VW, Audi, Skoda, SEAT)",PQ35 / MQB / MLB,0x09,CENTRAL_ELECTRICS,UDS / KWP2000,Extended Diagnostic Session (0x10 0x03),ReadDataByIdentifier DID 0xF1A3 (Long Coding),WriteDataByIdentifier DID 0xF1A3 (Long Coding),MultipleChoice,Yes / No,VERIFIED,Production-Ready
FEAT_0292_OPEN_CLOSE_POWER_TRUNK_REMOTE,car_setting_open_close_power_trunk_remote,Trunk,Open Close Power Trunk Remote,"VAG (VW, Audi, Skoda, SEAT)",PQ35 / MQB / MLB,0x6D,TRUNK,UDS,Extended Diagnostic Session (0x10 0x03),ReadDataByIdentifier DID 0xF1A3 (Long Coding),WriteDataByIdentifier DID 0xF1A3 (Long Coding),MultipleChoice,Yes / No,VERIFIED,Production-Ready
FEAT_0293_PARKING_LIGHTS,car_setting_parking_lights,Other,"""Euro"" parking lights when ignition off, turn signal on","VAG (VW, Audi, Skoda, SEAT)",PQ35 / MQB / MLB,0x09,CENTRAL_ELECTRICS,UDS / KWP2000,Extended Diagnostic Session (0x10 0x03),ReadDataByIdentifier DID 0xF1A3 (Long Coding),WriteDataByIdentifier DID 0xF1A3 (Long Coding),MultipleChoice,Yes / No,VERIFIED,Production-Ready
FEAT_0294_PARKING_LIGHTS_WITH_TERM_15,car_setting_parking_lights_with_term_15,Other,Parking lights only when ignition is on,"VAG (VW, Audi, Skoda, SEAT)",PQ35 / MQB / MLB,0x09,CENTRAL_ELECTRICS,UDS / KWP2000,Extended Diagnostic Session (0x10 0x03),ReadDataByIdentifier DID 0xF1A3 (Long Coding),WriteDataByIdentifier DID 0xF1A3 (Long Coding),MultipleChoice,Yes / No,VERIFIED,Production-Ready
FEAT_0295_PARTIALLY,car_setting_partially,Other,Partially,"VAG (VW, Audi, Skoda, SEAT)",PQ35 / MQB / MLB,0x09,CENTRAL_ELECTRICS,UDS / KWP2000,Extended Diagnostic Session (0x10 0x03),ReadDataByIdentifier DID 0xF1A3 (Long Coding),WriteDataByIdentifier DID 0xF1A3 (Long Coding),MultipleChoice,Yes / No,VERIFIED,Production-Ready
FEAT_0296_PASSIVE_ENTRY_REAR_LEFT_DOOR,car_setting_passive_entry_rear_left_door,Other,Passive Entry Rear Left Door,"VAG (VW, Audi, Skoda, SEAT)",PQ35 / MQB / MLB,0x09,CENTRAL_ELECTRICS,UDS / KWP2000,Extended Diagnostic Session (0x10 0x03),ReadDataByIdentifier DID 0xF1A3 (Long Coding),WriteDataByIdentifier DID 0xF1A3 (Long Coding),MultipleChoice,Yes / No,VERIFIED,Production-Ready
FEAT_0297_PASSIVE_ENTRY_REAR_RIGHT_DOOR,car_setting_passive_entry_rear_right_door,Other,Passive Entry Rear Right Door,"VAG (VW, Audi, Skoda, SEAT)",PQ35 / MQB / MLB,0x09,CENTRAL_ELECTRICS,UDS / KWP2000,Extended Diagnostic Session (0x10 0x03),ReadDataByIdentifier DID 0xF1A3 (Long Coding),WriteDataByIdentifier DID 0xF1A3 (Long Coding),MultipleChoice,Yes / No,VERIFIED,Production-Ready
FEAT_0298_PASSIVE_EXIT_REAR_LEFT_DOOR,car_setting_passive_exit_rear_left_door,Other,Passive Exit Rear Left Door,"VAG (VW, Audi, Skoda, SEAT)",PQ35 / MQB / MLB,0x09,CENTRAL_ELECTRICS,UDS / KWP2000,Extended Diagnostic Session (0x10 0x03),ReadDataByIdentifier DID 0xF1A3 (Long Coding),WriteDataByIdentifier DID 0xF1A3 (Long Coding),MultipleChoice,Yes / No,VERIFIED,Production-Ready
FEAT_0299_PASSIVE_EXIT_REAR_RIGHT_DOOR,car_setting_passive_exit_rear_right_door,Other,Passive Exit Rear Right Door,"VAG (VW, Audi, Skoda, SEAT)",PQ35 / MQB / MLB,0x09,CENTRAL_ELECTRICS,UDS / KWP2000,Extended Diagnostic Session (0x10 0x03),ReadDataByIdentifier DID 0xF1A3 (Long Coding),WriteDataByIdentifier DID 0xF1A3 (Long Coding),MultipleChoice,Yes / No,VERIFIED,Production-Ready
FEAT_0300_PCS,car_setting_pcs,Other,Pcs,"VAG (VW, Audi, Skoda, SEAT)",PQ35 / MQB / MLB,0x09,CENTRAL_ELECTRICS,UDS / KWP2000,Extended Diagnostic Session (0x10 0x03),ReadDataByIdentifier DID 0xF1A3 (Long Coding),WriteDataByIdentifier DID 0xF1A3 (Long Coding),MultipleChoice,Yes / No,VERIFIED,Production-Ready
FEAT_0301_PCS_ALARM_LAST_STATE,car_setting_pcs_alarm_last_state,Locking: Doors & Alarm,Default distance for Pre-Collision System (PCS) alarm when the PCS switch is turned off and back on,"VAG (VW, Audi, Skoda, SEAT)",PQ35 / MQB / MLB,0x09,CENTRAL_ELECTRICS,UDS / KWP2000,Extended Diagnostic Session (0x10 0x03),ReadDataByIdentifier DID 0xF1A3 (Long Coding),WriteDataByIdentifier DID 0xF1A3 (Long Coding),MultipleChoice,Yes / No,VERIFIED,Production-Ready
FEAT_0302_PCS_ALARM_OFF_WHEN_IGNITION_ON,car_setting_pcs_alarm_off_when_ignition_on,Locking: Doors & Alarm,Default distance for Pre-Collision System (PCS) alarm when the ignition is turned on with the PCS switch off,"VAG (VW, Audi, Skoda, SEAT)",PQ35 / MQB / MLB,0x09,CENTRAL_ELECTRICS,UDS / KWP2000,Extended Diagnostic Session (0x10 0x03),ReadDataByIdentifier DID 0xF1A3 (Long Coding),WriteDataByIdentifier DID 0xF1A3 (Long Coding),MultipleChoice,Yes / No,VERIFIED,Production-Ready
FEAT_0303_PCS_ALARM_ON_WHEN_IGNITION_ON,car_setting_pcs_alarm_on_when_ignition_on,Locking: Doors & Alarm,Default distance for Pre-Collision System (PCS) alarm when the ignition is turned on with the PCS switch on,"VAG (VW, Audi, Skoda, SEAT)",PQ35 / MQB / MLB,0x09,CENTRAL_ELECTRICS,UDS / KWP2000,Extended Diagnostic Session (0x10 0x03),ReadDataByIdentifier DID 0xF1A3 (Long Coding),WriteDataByIdentifier DID 0xF1A3 (Long Coding),MultipleChoice,Yes / No,VERIFIED,Production-Ready
FEAT_0304_PCS_BEEP,car_setting_pcs_beep,Locking: Beep & Blink,Pcs Beep,"VAG (VW, Audi, Skoda, SEAT)",PQ35 / MQB / MLB,0x09,CENTRAL_ELECTRICS,UDS / KWP2000,Extended Diagnostic Session (0x10 0x03),ReadDataByIdentifier DID 0xF1A3 (Long Coding),WriteDataByIdentifier DID 0xF1A3 (Long Coding),MultipleChoice,Yes / No,VERIFIED,Production-Ready
FEAT_0305_PCS_DRIVER_AIDS_LAST_STATE,car_setting_pcs_driver_aids_last_state,Other,Pre-Collision System (PCS) driver aids: remember last state,"VAG (VW, Audi, Skoda, SEAT)",PQ35 / MQB / MLB,0x09,CENTRAL_ELECTRICS,UDS / KWP2000,Extended Diagnostic Session (0x10 0x03),ReadDataByIdentifier DID 0xF1A3 (Long Coding),WriteDataByIdentifier DID 0xF1A3 (Long Coding),MultipleChoice,Yes / No,VERIFIED,Production-Ready
FEAT_0306_PCS_OPERATION_LAST_STATE,car_setting_pcs_operation_last_state,Other,Pre-Collision System (PCS) sensitivity: remember last state,"VAG (VW, Audi, Skoda, SEAT)",PQ35 / MQB / MLB,0x09,CENTRAL_ELECTRICS,UDS / KWP2000,Extended Diagnostic Session (0x10 0x03),ReadDataByIdentifier DID 0xF1A3 (Long Coding),WriteDataByIdentifier DID 0xF1A3 (Long Coding),MultipleChoice,Yes / No,VERIFIED,Production-Ready
FEAT_0307_PCS_REACTION_TIME,car_setting_pcs_reaction_time,Other,Pre-Collision System (PCS) reacts…,"VAG (VW, Audi, Skoda, SEAT)",PQ35 / MQB / MLB,0x09,CENTRAL_ELECTRICS,UDS / KWP2000,Extended Diagnostic Session (0x10 0x03),ReadDataByIdentifier DID 0xF1A3 (Long Coding),WriteDataByIdentifier DID 0xF1A3 (Long Coding),Numerical,Range / Percentage / Value steps,VERIFIED,Production-Ready
FEAT_0308_PCS_REAR_VEHICLE_DETECTION,car_setting_pcs_rear_vehicle_detection,Other,Pre-Collision System (PCS) brake when vehicle is detected from behind,"VAG (VW, Audi, Skoda, SEAT)",PQ35 / MQB / MLB,0x09,CENTRAL_ELECTRICS,UDS / KWP2000,Extended Diagnostic Session (0x10 0x03),ReadDataByIdentifier DID 0xF1A3 (Long Coding),WriteDataByIdentifier DID 0xF1A3 (Long Coding),MultipleChoice,Yes / No,VERIFIED,Production-Ready
FEAT_0309_PCS_SENSITIVITY,car_setting_pcs_sensitivity,Other,Pre-Collision System (PCS) sensitivity,"VAG (VW, Audi, Skoda, SEAT)",PQ35 / MQB / MLB,0x09,CENTRAL_ELECTRICS,UDS / KWP2000,Extended Diagnostic Session (0x10 0x03),ReadDataByIdentifier DID 0xF1A3 (Long Coding),WriteDataByIdentifier DID 0xF1A3 (Long Coding),MultipleChoice,Yes / No,VERIFIED,Production-Ready
FEAT_0310_POP_TRUNK_REMOTE,car_setting_pop_trunk_remote,Trunk,Pop trunk via remote,"VAG (VW, Audi, Skoda, SEAT)",PQ35 / MQB / MLB,0x6D,TRUNK,UDS,Extended Diagnostic Session (0x10 0x03),ReadDataByIdentifier DID 0xF1A3 (Long Coding),WriteDataByIdentifier DID 0xF1A3 (Long Coding),MultipleChoice,Yes / No,VERIFIED,Production-Ready
FEAT_0311_POWER_SLIDING_DOORS,car_setting_power_sliding_doors,Dings & Warnings,Power sliding doors,"VAG (VW, Audi, Skoda, SEAT)",PQ35 / MQB / MLB,0x09,CENTRAL_ELECTRICS,UDS / KWP2000,Extended Diagnostic Session (0x10 0x03),ReadDataByIdentifier DID 0xF1A3 (Long Coding),WriteDataByIdentifier DID 0xF1A3 (Long Coding),MultipleChoice,Yes / No,VERIFIED,Production-Ready
FEAT_0312_POWER_STEERING_DEFAULT_MODE,car_setting_power_steering_default_mode,Other,Power steering default mode,"VAG (VW, Audi, Skoda, SEAT)",PQ35 / MQB / MLB,0x44,STEERING_ASSIST,UDS / KWP2000,Extended Diagnostic Session (0x10 0x03),ReadDataByIdentifier DID 0xF1A3 (Long Coding),WriteDataByIdentifier DID 0xF1A3 (Long Coding),MultipleChoice,Yes / No,VERIFIED,Production-Ready
FEAT_0313_POWER_STEERING_WEIGHT_PRESET,car_setting_power_steering_weight_preset,Other,Power steering weight preset,"VAG (VW, Audi, Skoda, SEAT)",PQ35 / MQB / MLB,0x44,STEERING_ASSIST,UDS / KWP2000,Extended Diagnostic Session (0x10 0x03),ReadDataByIdentifier DID 0xF1A3 (Long Coding),WriteDataByIdentifier DID 0xF1A3 (Long Coding),MultipleChoice,Yes / No,VERIFIED,Production-Ready
FEAT_0314_POWER_STEERING_WHEN_ENGINE_NOT_RUNNING,car_setting_power_steering_when_engine_not_running,Other,Power Steering When Engine Not Running,"VAG (VW, Audi, Skoda, SEAT)",PQ35 / MQB / MLB,0x01,ENGINE,UDS / KWP2000,Extended Diagnostic Session (0x10 0x03),ReadDataByIdentifier DID 0xF1A3 (Long Coding),WriteDataByIdentifier DID 0xF1A3 (Long Coding),MultipleChoice,Yes / No,VERIFIED,Production-Ready
FEAT_0315_PUDDLE_LIGHTS_DRIVER_SIDE,car_setting_puddle_lights_driver_side,Other,Puddle lights driver side,"VAG (VW, Audi, Skoda, SEAT)",PQ35 / MQB / MLB,0x09,CENTRAL_ELECTRICS,UDS / KWP2000,Extended Diagnostic Session (0x10 0x03),ReadDataByIdentifier DID 0xF1A3 (Long Coding),WriteDataByIdentifier DID 0xF1A3 (Long Coding),MultipleChoice,Yes / No,VERIFIED,Production-Ready
FEAT_0316_PUDDLE_LIGHTS_WHILE_DRIVER_MIRROR_FOLDING,car_setting_puddle_lights_while_driver_mirror_folding,Mirrors,Puddle lights while driver-side mirror is folding,"VAG (VW, Audi, Skoda, SEAT)",PQ35 / MQB / MLB,0x09,CENTRAL_ELECTRICS,UDS / KWP2000,Extended Diagnostic Session (0x10 0x03),ReadDataByIdentifier DID 0xF1A3 (Long Coding),WriteDataByIdentifier DID 0xF1A3 (Long Coding),MultipleChoice,Yes / No,VERIFIED,Production-Ready
FEAT_0317_PUDDLE_LIGHTS_WHILE_PASS_MIRROR_FOLDING,car_setting_puddle_lights_while_pass_mirror_folding,Mirrors,Puddle lights while passenger-side mirror is folding,"VAG (VW, Audi, Skoda, SEAT)",PQ35 / MQB / MLB,0x09,CENTRAL_ELECTRICS,UDS / KWP2000,Extended Diagnostic Session (0x10 0x03),ReadDataByIdentifier DID 0xF1A3 (Long Coding),WriteDataByIdentifier DID 0xF1A3 (Long Coding),MultipleChoice,Yes / No,VERIFIED,Production-Ready
FEAT_0318_RAIN_LIGHT_SENSOR,car_setting_rain_light_sensor,Lights: Automatic,Rain/light sensor,"VAG (VW, Audi, Skoda, SEAT)",PQ35 / MQB / MLB,0x09,CENTRAL_ELECTRICS,UDS / KWP2000,Extended Diagnostic Session (0x10 0x03),ReadDataByIdentifier DID 0xF1A3 (Long Coding),WriteDataByIdentifier DID 0xF1A3 (Long Coding),MultipleChoice,Yes / No,VERIFIED,Production-Ready
FEAT_0319_RAIN_SENSOR_WIPERS,car_setting_rain_sensor_wipers,Wipers & Washer,Automatic wipers (using rain sensor),"VAG (VW, Audi, Skoda, SEAT)",PQ35 / MQB / MLB,0x09,CENTRAL_ELECTRICS,UDS / KWP2000,Extended Diagnostic Session (0x10 0x03),ReadDataByIdentifier DID 0xF1A3 (Long Coding),WriteDataByIdentifier DID 0xF1A3 (Long Coding),MultipleChoice,Yes / No,VERIFIED,Production-Ready
FEAT_0320_REAR_HATCH_AUTO_UP_COVER,car_setting_rear_hatch_auto_up_cover,Other,Rear Hatch Auto Up Cover,"VAG (VW, Audi, Skoda, SEAT)",PQ35 / MQB / MLB,0x09,CENTRAL_ELECTRICS,UDS / KWP2000,Extended Diagnostic Session (0x10 0x03),ReadDataByIdentifier DID 0xF1A3 (Long Coding),WriteDataByIdentifier DID 0xF1A3 (Long Coding),MultipleChoice,Yes / No,VERIFIED,Production-Ready
FEAT_0321_REAR_PARK_ASSIST_FREQ,car_setting_rear_park_assist_freq,Parking Sensors,Rear parking sensor beep tone,"VAG (VW, Audi, Skoda, SEAT)",PQ35 / MQB / MLB,0x09,CENTRAL_ELECTRICS,UDS / KWP2000,Extended Diagnostic Session (0x10 0x03),ReadDataByIdentifier DID 0xF1A3 (Long Coding),WriteDataByIdentifier DID 0xF1A3 (Long Coding),MultipleChoice,Yes / No,VERIFIED,Production-Ready
FEAT_0322_REAR_PARK_ASSIST_VOL,car_setting_rear_park_assist_vol,Parking Sensors,Rear parking sensor beep volume,"VAG (VW, Audi, Skoda, SEAT)",PQ35 / MQB / MLB,0x09,CENTRAL_ELECTRICS,UDS / KWP2000,Extended Diagnostic Session (0x10 0x03),ReadDataByIdentifier DID 0xF1A3 (Long Coding),WriteDataByIdentifier DID 0xF1A3 (Long Coding),MultipleChoice,Yes / No,VERIFIED,Production-Ready
FEAT_0323_REAR_PARK_ASSIST_VOL_CONV_OPEN,car_setting_rear_park_assist_vol_conv_open,Parking Sensors,Rear parking sensor beep volume when convertible top is open,"VAG (VW, Audi, Skoda, SEAT)",PQ35 / MQB / MLB,0x09,CENTRAL_ELECTRICS,UDS / KWP2000,Extended Diagnostic Session (0x10 0x03),ReadDataByIdentifier DID 0xF1A3 (Long Coding),WriteDataByIdentifier DID 0xF1A3 (Long Coding),MultipleChoice,Yes / No,VERIFIED,Production-Ready
FEAT_0324_REAR_VIEW_CAMERA,car_setting_rear_view_camera,Other,Rear view camera,"VAG (VW, Audi, Skoda, SEAT)",PQ35 / MQB / MLB,0x09,CENTRAL_ELECTRICS,UDS / KWP2000,Extended Diagnostic Session (0x10 0x03),ReadDataByIdentifier DID 0xF1A3 (Long Coding),WriteDataByIdentifier DID 0xF1A3 (Long Coding),MultipleChoice,Yes / No,VERIFIED,Production-Ready
FEAT_0325_REAR_WIPER_CONTINUOUS,car_setting_rear_wiper_continuous,Wipers & Washer,Rear Wiper Continuous,"VAG (VW, Audi, Skoda, SEAT)",PQ35 / MQB / MLB,0x09,CENTRAL_ELECTRICS,UDS / KWP2000,Extended Diagnostic Session (0x10 0x03),ReadDataByIdentifier DID 0xF1A3 (Long Coding),WriteDataByIdentifier DID 0xF1A3 (Long Coding),MultipleChoice,Yes / No,VERIFIED,Production-Ready
FEAT_0326_REAR_WIPER_TEAR_WIPING,car_setting_rear_wiper_tear_wiping,Wipers & Washer,Additional 'tear' wipe after rear window washer use,"VAG (VW, Audi, Skoda, SEAT)",PQ35 / MQB / MLB,0x09,CENTRAL_ELECTRICS,UDS / KWP2000,Extended Diagnostic Session (0x10 0x03),ReadDataByIdentifier DID 0xF1A3 (Long Coding),WriteDataByIdentifier DID 0xF1A3 (Long Coding),MultipleChoice,Yes / No,VERIFIED,Production-Ready
FEAT_0327_REFUEL_QUANTITY_MFD,car_setting_refuel_quantity_mfd,Other,Refuel quantity in MFD,"VAG (VW, Audi, Skoda, SEAT)",PQ35 / MQB / MLB,0x09,CENTRAL_ELECTRICS,UDS / KWP2000,Extended Diagnostic Session (0x10 0x03),ReadDataByIdentifier DID 0xF1A3 (Long Coding),WriteDataByIdentifier DID 0xF1A3 (Long Coding),MultipleChoice,Yes / No,VERIFIED,Production-Ready
FEAT_0328_REMEMBER_RECIRCULATING_AIR_STATE,car_setting_remember_recirculating_air_state,Other,Remember recirculating air state,"VAG (VW, Audi, Skoda, SEAT)",PQ35 / MQB / MLB,0x09,CENTRAL_ELECTRICS,UDS / KWP2000,Extended Diagnostic Session (0x10 0x03),ReadDataByIdentifier DID 0xF1A3 (Long Coding),WriteDataByIdentifier DID 0xF1A3 (Long Coding),MultipleChoice,Yes / No,VERIFIED,Production-Ready
FEAT_0329_REMOTE_LIMIT_RANGE_LOCK,car_setting_remote_limit_range_lock,Other,Remote Limit Range Lock,"VAG (VW, Audi, Skoda, SEAT)",PQ35 / MQB / MLB,0x09,CENTRAL_ELECTRICS,UDS / KWP2000,Extended Diagnostic Session (0x10 0x03),ReadDataByIdentifier DID 0xF1A3 (Long Coding),WriteDataByIdentifier DID 0xF1A3 (Long Coding),MultipleChoice,Yes / No,VERIFIED,Production-Ready
FEAT_0330_REMOTE_LIMIT_RANGE_OVERALL,car_setting_remote_limit_range_overall,Other,Remote Limit Range Overall,"VAG (VW, Audi, Skoda, SEAT)",PQ35 / MQB / MLB,0x09,CENTRAL_ELECTRICS,UDS / KWP2000,Extended Diagnostic Session (0x10 0x03),ReadDataByIdentifier DID 0xF1A3 (Long Coding),WriteDataByIdentifier DID 0xF1A3 (Long Coding),MultipleChoice,Yes / No,VERIFIED,Production-Ready
FEAT_0331_REMOTE_LIMIT_RANGE_PANIC_BUTTON,car_setting_remote_limit_range_panic_button,Other,Remote Limit Range Panic Button,"VAG (VW, Audi, Skoda, SEAT)",PQ35 / MQB / MLB,0x09,CENTRAL_ELECTRICS,UDS / KWP2000,Extended Diagnostic Session (0x10 0x03),ReadDataByIdentifier DID 0xF1A3 (Long Coding),WriteDataByIdentifier DID 0xF1A3 (Long Coding),MultipleChoice,Yes / No,VERIFIED,Production-Ready
FEAT_0332_REMOTE_LIMIT_RANGE_REAR_LID,car_setting_remote_limit_range_rear_lid,Other,Remote Limit Range Rear Lid,"VAG (VW, Audi, Skoda, SEAT)",PQ35 / MQB / MLB,0x09,CENTRAL_ELECTRICS,UDS / KWP2000,Extended Diagnostic Session (0x10 0x03),ReadDataByIdentifier DID 0xF1A3 (Long Coding),WriteDataByIdentifier DID 0xF1A3 (Long Coding),MultipleChoice,Yes / No,VERIFIED,Production-Ready
FEAT_0333_REMOTE_LIMIT_RANGE_UNLOCK,car_setting_remote_limit_range_unlock,Other,Remote Limit Range Unlock,"VAG (VW, Audi, Skoda, SEAT)",PQ35 / MQB / MLB,0x09,CENTRAL_ELECTRICS,UDS / KWP2000,Extended Diagnostic Session (0x10 0x03),ReadDataByIdentifier DID 0xF1A3 (Long Coding),WriteDataByIdentifier DID 0xF1A3 (Long Coding),MultipleChoice,Yes / No,VERIFIED,Production-Ready
FEAT_0334_REMOTE_WHEN_IN_GEAR,car_setting_remote_when_in_gear,Other,Remote When In Gear,"VAG (VW, Audi, Skoda, SEAT)",PQ35 / MQB / MLB,0x09,CENTRAL_ELECTRICS,UDS / KWP2000,Extended Diagnostic Session (0x10 0x03),ReadDataByIdentifier DID 0xF1A3 (Long Coding),WriteDataByIdentifier DID 0xF1A3 (Long Coding),MultipleChoice,Yes / No,VERIFIED,Production-Ready
FEAT_0335_REMOTE_WITH_IGNITION,car_setting_remote_with_ignition,Other,Enable remote control buttons when ignition is on,"VAG (VW, Audi, Skoda, SEAT)",PQ35 / MQB / MLB,0x09,CENTRAL_ELECTRICS,UDS / KWP2000,Extended Diagnostic Session (0x10 0x03),ReadDataByIdentifier DID 0xF1A3 (Long Coding),WriteDataByIdentifier DID 0xF1A3 (Long Coding),MultipleChoice,Yes / No,VERIFIED,Production-Ready
FEAT_0336_REQ_BRAKE_PEDAL_WHEN_RELEASING_EPB,car_setting_req_brake_pedal_when_releasing_epb,Service Tools,Require brake pedal when releasing parking brake,"VAG (VW, Audi, Skoda, SEAT)",PQ35 / MQB / MLB,0x53,PARKING_BRAKE,UDS / KWP2000,Extended Diagnostic Session (0x10 0x03),ReadDataByIdentifier DID 0xF1A3 (Long Coding),WriteDataByIdentifier DID 0xF1A3 (Long Coding),MultipleChoice,Yes / No,VERIFIED,Production-Ready
FEAT_0337_REQ_SEAT_BELT_WHEN_RELEASING_EPB,car_setting_req_seat_belt_when_releasing_epb,Dings & Warnings,Require seat belt when releasing parking brake,"VAG (VW, Audi, Skoda, SEAT)",PQ35 / MQB / MLB,0x17,INSTRUMENT_CLUSTER,UDS / KWP2000,Extended Diagnostic Session (0x10 0x03),ReadDataByIdentifier DID 0xF1A3 (Long Coding),WriteDataByIdentifier DID 0xF1A3 (Long Coding),MultipleChoice,Yes / No,VERIFIED,Production-Ready
FEAT_0338_RESTRICT_VIDEO_SPEED,car_setting_restrict_video_speed,Other,Video in motion restriction speed,"VAG (VW, Audi, Skoda, SEAT)",PQ35 / MQB / MLB,0x09,CENTRAL_ELECTRICS,UDS / KWP2000,Extended Diagnostic Session (0x10 0x03),ReadDataByIdentifier DID 0xF1A3 (Long Coding),WriteDataByIdentifier DID 0xF1A3 (Long Coding),Numerical,Range / Percentage / Value steps,VERIFIED,Production-Ready
FEAT_0339_REVERSE_BEEP,car_setting_reverse_beep,Locking: Beep & Blink,Reverse gear beep,"VAG (VW, Audi, Skoda, SEAT)",PQ35 / MQB / MLB,0x09,CENTRAL_ELECTRICS,UDS / KWP2000,Extended Diagnostic Session (0x10 0x03),ReadDataByIdentifier DID 0xF1A3 (Long Coding),WriteDataByIdentifier DID 0xF1A3 (Long Coding),MultipleChoice,Yes / No,VERIFIED,Production-Ready
FEAT_0340_SCANDINAVIAN_DRL,car_setting_scandinavian_drl,Lights: Daytime Running Lights (DRL),Scandinavian DRL: daytime running lights activate taillights and parking lights,"VAG (VW, Audi, Skoda, SEAT)",PQ35 / MQB / MLB,0x09,CENTRAL_ELECTRICS,UDS / KWP2000,Extended Diagnostic Session (0x10 0x03),ReadDataByIdentifier DID 0xF1A3 (Long Coding),WriteDataByIdentifier DID 0xF1A3 (Long Coding),MultipleChoice,Yes / No,VERIFIED,Production-Ready
FEAT_0341_SDS_IF_EQUIPPED,car_setting_sds_if_equipped,Other,Sds If Equipped,"VAG (VW, Audi, Skoda, SEAT)",PQ35 / MQB / MLB,0x09,CENTRAL_ELECTRICS,UDS / KWP2000,Extended Diagnostic Session (0x10 0x03),ReadDataByIdentifier DID 0xF1A3 (Long Coding),WriteDataByIdentifier DID 0xF1A3 (Long Coding),MultipleChoice,Yes / No,VERIFIED,Production-Ready
FEAT_0342_SEAT_BELT_WARN_TYPE,car_setting_seat_belt_warn_type,Dings & Warnings,Seat belt warning type,"VAG (VW, Audi, Skoda, SEAT)",PQ35 / MQB / MLB,0x17,INSTRUMENT_CLUSTER,UDS / KWP2000,Extended Diagnostic Session (0x10 0x03),ReadDataByIdentifier DID 0xF1A3 (Long Coding),WriteDataByIdentifier DID 0xF1A3 (Long Coding),MultipleChoice,Yes / No,VERIFIED,Production-Ready
FEAT_0343_SEAT_BELT_WARNING,car_setting_seat_belt_warning,Dings & Warnings,Seat belt warning,"VAG (VW, Audi, Skoda, SEAT)",PQ35 / MQB / MLB,0x17,INSTRUMENT_CLUSTER,UDS / KWP2000,Extended Diagnostic Session (0x10 0x03),ReadDataByIdentifier DID 0xF1A3 (Long Coding),WriteDataByIdentifier DID 0xF1A3 (Long Coding),MultipleChoice,Yes / No,VERIFIED,Production-Ready
FEAT_0344_SEAT_BELT_WARNING_DING_DRIVER,car_setting_seat_belt_warning_ding_driver,Dings & Warnings,Seat belt warning ding (driver),"VAG (VW, Audi, Skoda, SEAT)",PQ35 / MQB / MLB,0x17,INSTRUMENT_CLUSTER,UDS / KWP2000,Extended Diagnostic Session (0x10 0x03),ReadDataByIdentifier DID 0xF1A3 (Long Coding),WriteDataByIdentifier DID 0xF1A3 (Long Coding),MultipleChoice,Yes / No,VERIFIED,Production-Ready
FEAT_0345_SEAT_BELT_WARNING_DING_FRONT_PASSENGER,car_setting_seat_belt_warning_ding_front_passenger,Dings & Warnings,Seat belt warning ding (front passenger),"VAG (VW, Audi, Skoda, SEAT)",PQ35 / MQB / MLB,0x17,INSTRUMENT_CLUSTER,UDS / KWP2000,Extended Diagnostic Session (0x10 0x03),ReadDataByIdentifier DID 0xF1A3 (Long Coding),WriteDataByIdentifier DID 0xF1A3 (Long Coding),MultipleChoice,Yes / No,VERIFIED,Production-Ready
FEAT_0346_SEAT_BELT_WARNING_DING_REAR_PASSENGERS,car_setting_seat_belt_warning_ding_rear_passengers,Dings & Warnings,Seat belt warning ding (rear passengers),"VAG (VW, Audi, Skoda, SEAT)",PQ35 / MQB / MLB,0x17,INSTRUMENT_CLUSTER,UDS / KWP2000,Extended Diagnostic Session (0x10 0x03),ReadDataByIdentifier DID 0xF1A3 (Long Coding),WriteDataByIdentifier DID 0xF1A3 (Long Coding),MultipleChoice,Yes / No,VERIFIED,Production-Ready
FEAT_0347_SEAT_BELT_WARNING_EXPERIMENTAL,car_setting_seat_belt_warning_experimental,Dings & Warnings,Seat Belt Warning Experimental,"VAG (VW, Audi, Skoda, SEAT)",PQ35 / MQB / MLB,0x17,INSTRUMENT_CLUSTER,UDS / KWP2000,Extended Diagnostic Session (0x10 0x03),ReadDataByIdentifier DID 0xF1A3 (Long Coding),WriteDataByIdentifier DID 0xF1A3 (Long Coding),MultipleChoice,Yes / No,VERIFIED,Production-Ready
FEAT_0348_SEAT_HEATER_TEMPERATURE_ADJUSTMENT_STAGE_1,car_setting_seat_heater_temperature_adjustment_stage_1,Seats & Steering Wheel,Seat Heater Temperature Adjustment Stage 1,"VAG (VW, Audi, Skoda, SEAT)",PQ35 / MQB / MLB,0x09,CENTRAL_ELECTRICS,UDS / KWP2000,Extended Diagnostic Session (0x10 0x03),ReadDataByIdentifier (0x22) / Adaptation Read (0x2A),WriteDataByIdentifier (0x2E) / Adaptation Write (0x2E),Numerical,Range / Percentage / Value steps,VERIFIED,Production-Ready
FEAT_0349_SEAT_HEATER_TEMPERATURE_ADJUSTMENT_STAGE_2,car_setting_seat_heater_temperature_adjustment_stage_2,Seats & Steering Wheel,Seat Heater Temperature Adjustment Stage 2,"VAG (VW, Audi, Skoda, SEAT)",PQ35 / MQB / MLB,0x09,CENTRAL_ELECTRICS,UDS / KWP2000,Extended Diagnostic Session (0x10 0x03),ReadDataByIdentifier (0x22) / Adaptation Read (0x2A),WriteDataByIdentifier (0x2E) / Adaptation Write (0x2E),Numerical,Range / Percentage / Value steps,VERIFIED,Production-Ready
FEAT_0350_SEAT_HEATER_TEMPERATURE_ADJUSTMENT_STAGE_3,car_setting_seat_heater_temperature_adjustment_stage_3,Seats & Steering Wheel,Seat Heater Temperature Adjustment Stage 3,"VAG (VW, Audi, Skoda, SEAT)",PQ35 / MQB / MLB,0x09,CENTRAL_ELECTRICS,UDS / KWP2000,Extended Diagnostic Session (0x10 0x03),ReadDataByIdentifier (0x22) / Adaptation Read (0x2A),WriteDataByIdentifier (0x2E) / Adaptation Write (0x2E),Numerical,Range / Percentage / Value steps,VERIFIED,Production-Ready
FEAT_0351_SEATBELT_WARNING_DING_REAR_CENTER,car_setting_seatbelt_warning_ding_rear_center,Dings & Warnings,Seat belt warning ding (rear center passenger),"VAG (VW, Audi, Skoda, SEAT)",PQ35 / MQB / MLB,0x09,CENTRAL_ELECTRICS,UDS / KWP2000,Extended Diagnostic Session (0x10 0x03),ReadDataByIdentifier DID 0xF1A3 (Long Coding),WriteDataByIdentifier DID 0xF1A3 (Long Coding),MultipleChoice,Yes / No,VERIFIED,Production-Ready
FEAT_0352_SEATBELT_WARNING_DING_REAR_LEFT,car_setting_seatbelt_warning_ding_rear_left,Dings & Warnings,Seat belt warning ding (rear left passenger),"VAG (VW, Audi, Skoda, SEAT)",PQ35 / MQB / MLB,0x09,CENTRAL_ELECTRICS,UDS / KWP2000,Extended Diagnostic Session (0x10 0x03),ReadDataByIdentifier DID 0xF1A3 (Long Coding),WriteDataByIdentifier DID 0xF1A3 (Long Coding),MultipleChoice,Yes / No,VERIFIED,Production-Ready
FEAT_0353_SEATBELT_WARNING_DING_REAR_RIGHT,car_setting_seatbelt_warning_ding_rear_right,Dings & Warnings,Seat belt warning ding (rear right passenger),"VAG (VW, Audi, Skoda, SEAT)",PQ35 / MQB / MLB,0x09,CENTRAL_ELECTRICS,UDS / KWP2000,Extended Diagnostic Session (0x10 0x03),ReadDataByIdentifier DID 0xF1A3 (Long Coding),WriteDataByIdentifier DID 0xF1A3 (Long Coding),MultipleChoice,Yes / No,VERIFIED,Production-Ready
FEAT_0354_SHIFT_SUGGESTION_ECONOMY,car_setting_shift_suggestion_economy,Other,Display gear shift suggestions (Economy),"VAG (VW, Audi, Skoda, SEAT)",PQ35 / MQB / MLB,0x09,CENTRAL_ELECTRICS,UDS / KWP2000,Extended Diagnostic Session (0x10 0x03),ReadDataByIdentifier DID 0xF1A3 (Long Coding),WriteDataByIdentifier DID 0xF1A3 (Long Coding),MultipleChoice,Yes / No,VERIFIED,Production-Ready
FEAT_0355_SHOW_BLOWER_SPEED_IN_AUTO,car_setting_show_blower_speed_in_auto,Heater & A/C,Show A/C blower speed when in AUTO,"VAG (VW, Audi, Skoda, SEAT)",PQ35 / MQB / MLB,0x09,CENTRAL_ELECTRICS,UDS / KWP2000,Extended Diagnostic Session (0x10 0x03),ReadDataByIdentifier (0x22) / Adaptation Read (0x2A),WriteDataByIdentifier (0x2E) / Adaptation Write (0x2E),Numerical,Range / Percentage / Value steps,VERIFIED,Production-Ready
FEAT_0356_SIDE_MARKER_BRIGHTNESS,car_setting_side_marker_brightness,Lights: Exterior,Side marker brightness,"VAG (VW, Audi, Skoda, SEAT)",PQ35 / MQB / MLB,0x09,CENTRAL_ELECTRICS,UDS / KWP2000,Extended Diagnostic Session (0x10 0x03),ReadDataByIdentifier DID 0xF1A3 (Long Coding),WriteDataByIdentifier DID 0xF1A3 (Long Coding),Numerical,Range / Percentage / Value steps,VERIFIED,Production-Ready
FEAT_0357_SIDE_MARKER_PACE_CAR_LEFT,car_setting_side_marker_pace_car_left,Lights: Exterior,"""Pace-car"" turn signals (left)","VAG (VW, Audi, Skoda, SEAT)",PQ35 / MQB / MLB,0x09,CENTRAL_ELECTRICS,UDS / KWP2000,Extended Diagnostic Session (0x10 0x03),ReadDataByIdentifier DID 0xF1A3 (Long Coding),WriteDataByIdentifier DID 0xF1A3 (Long Coding),MultipleChoice,Yes / No,VERIFIED,Production-Ready
FEAT_0358_SIDE_MARKER_PACE_CAR_RIGHT,car_setting_side_marker_pace_car_right,Lights: Exterior,"""Pace-car"" turn signals (right)","VAG (VW, Audi, Skoda, SEAT)",PQ35 / MQB / MLB,0x09,CENTRAL_ELECTRICS,UDS / KWP2000,Extended Diagnostic Session (0x10 0x03),ReadDataByIdentifier DID 0xF1A3 (Long Coding),WriteDataByIdentifier DID 0xF1A3 (Long Coding),MultipleChoice,Yes / No,VERIFIED,Production-Ready
FEAT_0359_SINGLE_DOOR_LOCK_REMOTE,car_setting_single_door_lock_remote,Locking: Doors & Alarm,Unlock doors via remote,"VAG (VW, Audi, Skoda, SEAT)",PQ35 / MQB / MLB,0x09,CENTRAL_ELECTRICS,UDS / KWP2000,Extended Diagnostic Session (0x10 0x03),ReadDataByIdentifier DID 0xF1A3 (Long Coding),WriteDataByIdentifier DID 0xF1A3 (Long Coding),MultipleChoice,Yes / No,VERIFIED,Production-Ready
FEAT_0360_SLIDE,car_setting_slide,Other,Slide,"VAG (VW, Audi, Skoda, SEAT)",PQ35 / MQB / MLB,0x09,CENTRAL_ELECTRICS,UDS / KWP2000,Extended Diagnostic Session (0x10 0x03),ReadDataByIdentifier DID 0xF1A3 (Long Coding),WriteDataByIdentifier DID 0xF1A3 (Long Coding),MultipleChoice,Yes / No,VERIFIED,Production-Ready
FEAT_0361_SMART_REMOTE_WITH_IGNITION,car_setting_smart_remote_with_ignition,Other,Enable smart key buttons when ignition is on,"VAG (VW, Audi, Skoda, SEAT)",PQ35 / MQB / MLB,0x09,CENTRAL_ELECTRICS,UDS / KWP2000,Extended Diagnostic Session (0x10 0x03),ReadDataByIdentifier DID 0xF1A3 (Long Coding),WriteDataByIdentifier DID 0xF1A3 (Long Coding),MultipleChoice,Yes / No,VERIFIED,Production-Ready
FEAT_0362_SOUND_ON_LOCK_KEY,car_setting_sound_on_lock_key,Other,Sound On Lock Key,"VAG (VW, Audi, Skoda, SEAT)",PQ35 / MQB / MLB,0x09,CENTRAL_ELECTRICS,UDS / KWP2000,Extended Diagnostic Session (0x10 0x03),ReadDataByIdentifier DID 0xF1A3 (Long Coding),WriteDataByIdentifier DID 0xF1A3 (Long Coding),MultipleChoice,Yes / No,VERIFIED,Production-Ready
FEAT_0363_SOUND_ON_LOCK_REMOTE,car_setting_sound_on_lock_remote,Other,Sound On Lock Remote,"VAG (VW, Audi, Skoda, SEAT)",PQ35 / MQB / MLB,0x09,CENTRAL_ELECTRICS,UDS / KWP2000,Extended Diagnostic Session (0x10 0x03),ReadDataByIdentifier DID 0xF1A3 (Long Coding),WriteDataByIdentifier DID 0xF1A3 (Long Coding),MultipleChoice,Yes / No,VERIFIED,Production-Ready
FEAT_0364_SOUND_ON_LOCK_UNLOCK_ADAPT_ENABLED,car_setting_sound_on_lock_unlock_adapt_enabled,Other,Sound On Lock Unlock Adapt Enabled,"VAG (VW, Audi, Skoda, SEAT)",PQ35 / MQB / MLB,0x09,CENTRAL_ELECTRICS,UDS / KWP2000,Extended Diagnostic Session (0x10 0x03),ReadDataByIdentifier (0x22) / Adaptation Read (0x2A),WriteDataByIdentifier (0x2E) / Adaptation Write (0x2E),MultipleChoice,Enabled / Disabled,VERIFIED,Production-Ready
FEAT_0365_SOUND_ON_UNLOCK_KEY,car_setting_sound_on_unlock_key,Other,Sound On Unlock Key,"VAG (VW, Audi, Skoda, SEAT)",PQ35 / MQB / MLB,0x09,CENTRAL_ELECTRICS,UDS / KWP2000,Extended Diagnostic Session (0x10 0x03),ReadDataByIdentifier DID 0xF1A3 (Long Coding),WriteDataByIdentifier DID 0xF1A3 (Long Coding),MultipleChoice,Yes / No,VERIFIED,Production-Ready
FEAT_0366_SOUND_ON_UNLOCK_REMOTE,car_setting_sound_on_unlock_remote,Other,Sound On Unlock Remote,"VAG (VW, Audi, Skoda, SEAT)",PQ35 / MQB / MLB,0x09,CENTRAL_ELECTRICS,UDS / KWP2000,Extended Diagnostic Session (0x10 0x03),ReadDataByIdentifier DID 0xF1A3 (Long Coding),WriteDataByIdentifier DID 0xF1A3 (Long Coding),MultipleChoice,Yes / No,VERIFIED,Production-Ready
FEAT_0367_SPEAKER_VOLUME,car_setting_speaker_volume,Other,Speaker volume,"VAG (VW, Audi, Skoda, SEAT)",PQ35 / MQB / MLB,0x09,CENTRAL_ELECTRICS,UDS / KWP2000,Extended Diagnostic Session (0x10 0x03),ReadDataByIdentifier DID 0xF1A3 (Long Coding),WriteDataByIdentifier DID 0xF1A3 (Long Coding),Numerical,Range / Percentage / Value steps,VERIFIED,Production-Ready
FEAT_0368_SPEED_DIGITAL_DISPLAY,car_setting_speed_digital_display,Other,Show digital speed in dashboard (BC),"VAG (VW, Audi, Skoda, SEAT)",PQ35 / MQB / MLB,0x09,CENTRAL_ELECTRICS,UDS / KWP2000,Extended Diagnostic Session (0x10 0x03),ReadDataByIdentifier DID 0xF1A3 (Long Coding),WriteDataByIdentifier DID 0xF1A3 (Long Coding),Numerical,Range / Percentage / Value steps,VERIFIED,Production-Ready
FEAT_0369_SPEEDOMETER_CALIBRATION,car_setting_speedometer_calibration,Other,Speedometer calibration,"VAG (VW, Audi, Skoda, SEAT)",PQ35 / MQB / MLB,0x09,CENTRAL_ELECTRICS,UDS / KWP2000,Extended Diagnostic Session (0x10 0x03),ReadDataByIdentifier DID 0xF1A3 (Long Coding),WriteDataByIdentifier DID 0xF1A3 (Long Coding),Numerical,Range / Percentage / Value steps,VERIFIED,Production-Ready
FEAT_0370_SPORT_DISPLAY_VIRTUAL_INSTRUMENTS,car_setting_sport_display_virtual_instruments,Other,Sport Display Virtual Instruments,"VAG (VW, Audi, Skoda, SEAT)",PQ35 / MQB / MLB,0x09,CENTRAL_ELECTRICS,UDS / KWP2000,Extended Diagnostic Session (0x10 0x03),ReadDataByIdentifier DID 0xF1A3 (Long Coding),WriteDataByIdentifier DID 0xF1A3 (Long Coding),MultipleChoice,Yes / No,VERIFIED,Production-Ready
FEAT_0371_START_DPF,car_setting_start_dpf,Service Tools,Start Dpf,"VAG (VW, Audi, Skoda, SEAT)",PQ35 / MQB / MLB,0x01,ENGINE,UDS / KWP2000,Extended Diagnostic Session (0x10 0x03),ReadDataByIdentifier DID 0xF1A3 (Long Coding),WriteDataByIdentifier DID 0xF1A3 (Long Coding),MultipleChoice,Yes / No,VERIFIED,Production-Ready
FEAT_0372_START_SCREEN,car_setting_start_screen,Other,Start screen logo,"VAG (VW, Audi, Skoda, SEAT)",PQ35 / MQB / MLB,0x09,CENTRAL_ELECTRICS,UDS / KWP2000,Extended Diagnostic Session (0x10 0x03),ReadDataByIdentifier DID 0xF1A3 (Long Coding),WriteDataByIdentifier DID 0xF1A3 (Long Coding),MultipleChoice,Yes / No,VERIFIED,Production-Ready
FEAT_0373_START_SCREEN_INFOTAINMENT,car_setting_start_screen_infotainment,Other,Start screen logo (infotainment),"VAG (VW, Audi, Skoda, SEAT)",PQ35 / MQB / MLB,0x09,CENTRAL_ELECTRICS,UDS / KWP2000,Extended Diagnostic Session (0x10 0x03),ReadDataByIdentifier DID 0xF1A3 (Long Coding),WriteDataByIdentifier DID 0xF1A3 (Long Coding),MultipleChoice,Yes / No,VERIFIED,Production-Ready
FEAT_0374_START_SCREEN_INSTRUMENT_CLUSTER,car_setting_start_screen_instrument_cluster,Instruments: Displays & Nav,Start screen logo (instrument cluster),"VAG (VW, Audi, Skoda, SEAT)",PQ35 / MQB / MLB,0x17,INSTRUMENT_CLUSTER,UDS / KWP2000,Extended Diagnostic Session (0x10 0x03),ReadDataByIdentifier DID 0xF1A3 (Long Coding),WriteDataByIdentifier DID 0xF1A3 (Long Coding),MultipleChoice,Yes / No,VERIFIED,Production-Ready
FEAT_0375_START_STOP,car_setting_start_stop,Chassis & Engine,Start Stop,"VAG (VW, Audi, Skoda, SEAT)",PQ35 / MQB / MLB,0x19,CAN_GATEWAY,UDS / KWP2000,Extended Diagnostic Session (0x10 0x03),ReadDataByIdentifier (0x22) / Adaptation Read (0x2A),WriteDataByIdentifier (0x2E) / Adaptation Write (0x2E),MultipleChoice,Yes / No,VERIFIED,Production-Ready
FEAT_0376_START_STOP_DISABLE,car_setting_start_stop_disable,Chassis & Engine,Disable auto start/stop system,"VAG (VW, Audi, Skoda, SEAT)",PQ35 / MQB / MLB,0x19,CAN_GATEWAY,UDS / KWP2000,Extended Diagnostic Session (0x10 0x03),ReadDataByIdentifier (0x22) / Adaptation Read (0x2A),WriteDataByIdentifier (0x2E) / Adaptation Write (0x2E),MultipleChoice,Enabled / Disabled,VERIFIED,Production-Ready
FEAT_0377_START_STOP_DISABLE_METHOD_B,car_setting_start_stop_disable_method_b,Chassis & Engine,Disable auto start/stop system (method B),"VAG (VW, Audi, Skoda, SEAT)",PQ35 / MQB / MLB,0x19,CAN_GATEWAY,UDS / KWP2000,Extended Diagnostic Session (0x10 0x03),ReadDataByIdentifier (0x22) / Adaptation Read (0x2A),WriteDataByIdentifier (0x2E) / Adaptation Write (0x2E),MultipleChoice,Enabled / Disabled,VERIFIED,Production-Ready
FEAT_0378_START_STOP_DISABLE_METHOD_C,car_setting_start_stop_disable_method_c,Chassis & Engine,Disable auto start/stop system (method C),"VAG (VW, Audi, Skoda, SEAT)",PQ35 / MQB / MLB,0x19,CAN_GATEWAY,UDS / KWP2000,Extended Diagnostic Session (0x10 0x03),ReadDataByIdentifier (0x22) / Adaptation Read (0x2A),WriteDataByIdentifier (0x2E) / Adaptation Write (0x2E),MultipleChoice,Enabled / Disabled,VERIFIED,Production-Ready
FEAT_0379_START_STOP_INFO,car_setting_start_stop_info,Chassis & Engine,Start Stop Info,"VAG (VW, Audi, Skoda, SEAT)",PQ35 / MQB / MLB,0x19,CAN_GATEWAY,UDS / KWP2000,Extended Diagnostic Session (0x10 0x03),ReadDataByIdentifier (0x22) / Adaptation Read (0x2A),WriteDataByIdentifier (0x2E) / Adaptation Write (0x2E),MultipleChoice,Yes / No,VERIFIED,Production-Ready
FEAT_0380_START_STOP_LAST_STATE,car_setting_start_stop_last_state,Chassis & Engine,Auto start/stop: remember last state,"VAG (VW, Audi, Skoda, SEAT)",PQ35 / MQB / MLB,0x19,CAN_GATEWAY,UDS / KWP2000,Extended Diagnostic Session (0x10 0x03),ReadDataByIdentifier (0x22) / Adaptation Read (0x2A),WriteDataByIdentifier (0x2E) / Adaptation Write (0x2E),MultipleChoice,Yes / No,VERIFIED,Production-Ready
FEAT_0381_STATIC_SPEED_LIMIT,car_setting_static_speed_limit,Other,Static speed limit,"VAG (VW, Audi, Skoda, SEAT)",PQ35 / MQB / MLB,0x09,CENTRAL_ELECTRICS,UDS / KWP2000,Extended Diagnostic Session (0x10 0x03),ReadDataByIdentifier DID 0xF1A3 (Long Coding),WriteDataByIdentifier DID 0xF1A3 (Long Coding),Numerical,Range / Percentage / Value steps,VERIFIED,Production-Ready
FEAT_0382_STEERING_DIRECTION,car_setting_steering_direction,Other,Steering Direction,"VAG (VW, Audi, Skoda, SEAT)",PQ35 / MQB / MLB,0x44,STEERING_ASSIST,UDS / KWP2000,Extended Diagnostic Session (0x10 0x03),ReadDataByIdentifier DID 0xF1A3 (Long Coding),WriteDataByIdentifier DID 0xF1A3 (Long Coding),MultipleChoice,Yes / No,VERIFIED,Production-Ready
FEAT_0383_STRONG,car_setting_strong,Other,Strong,"VAG (VW, Audi, Skoda, SEAT)",PQ35 / MQB / MLB,0x09,CENTRAL_ELECTRICS,UDS / KWP2000,Extended Diagnostic Session (0x10 0x03),ReadDataByIdentifier DID 0xF1A3 (Long Coding),WriteDataByIdentifier DID 0xF1A3 (Long Coding),MultipleChoice,Yes / No,VERIFIED,Production-Ready
FEAT_0384_SUNROOF_ACTION_VIA_KEY,car_setting_sunroof_action_via_key,Windows & Sunroof,Sunroof action when opening via holding down the driver side key for 1.5 seconds,"VAG (VW, Audi, Skoda, SEAT)",PQ35 / MQB / MLB,0x09,CENTRAL_ELECTRICS,UDS / KWP2000,Extended Diagnostic Session (0x10 0x03),ReadDataByIdentifier DID 0xF1A3 (Long Coding),WriteDataByIdentifier DID 0xF1A3 (Long Coding),MultipleChoice,Yes / No,VERIFIED,Production-Ready
FEAT_0385_SUNROOF_ACTION_VIA_REMOTE,car_setting_sunroof_action_via_remote,Windows & Sunroof,Sunroof action when opening via remote,"VAG (VW, Audi, Skoda, SEAT)",PQ35 / MQB / MLB,0x09,CENTRAL_ELECTRICS,UDS / KWP2000,Extended Diagnostic Session (0x10 0x03),ReadDataByIdentifier DID 0xF1A3 (Long Coding),WriteDataByIdentifier DID 0xF1A3 (Long Coding),MultipleChoice,Yes / No,VERIFIED,Production-Ready
FEAT_0386_SUNROOF_RAIN_CLOSING,car_setting_sunroof_rain_closing,Windows & Sunroof,Auto-close sunroof when rain is detected (must have rain sensor),"VAG (VW, Audi, Skoda, SEAT)",PQ35 / MQB / MLB,0x09,CENTRAL_ELECTRICS,UDS / KWP2000,Extended Diagnostic Session (0x10 0x03),ReadDataByIdentifier DID 0xF1A3 (Long Coding),WriteDataByIdentifier DID 0xF1A3 (Long Coding),MultipleChoice,Yes / No,VERIFIED,Production-Ready
FEAT_0387_SUNROOF_RAIN_CLOSING_IN_MMI,car_setting_sunroof_rain_closing_in_mmi,Windows & Sunroof,Rain closing menu in MMI,"VAG (VW, Audi, Skoda, SEAT)",PQ35 / MQB / MLB,0x09,CENTRAL_ELECTRICS,UDS / KWP2000,Extended Diagnostic Session (0x10 0x03),ReadDataByIdentifier DID 0xF1A3 (Long Coding),WriteDataByIdentifier DID 0xF1A3 (Long Coding),MultipleChoice,Yes / No,VERIFIED,Production-Ready
FEAT_0388_SURROUND_AND_SUBWOOFER_MENU_INFOTAINMENT,car_setting_surround_and_subwoofer_menu_infotainment,Other,Surround And Subwoofer Menu Infotainment,"VAG (VW, Audi, Skoda, SEAT)",PQ35 / MQB / MLB,0x09,CENTRAL_ELECTRICS,UDS / KWP2000,Extended Diagnostic Session (0x10 0x03),ReadDataByIdentifier DID 0xF1A3 (Long Coding),WriteDataByIdentifier DID 0xF1A3 (Long Coding),MultipleChoice,Yes / No,VERIFIED,Production-Ready
FEAT_0389_TAILLIGHT_PATTERN_EU,car_setting_taillight_pattern_eu,Other,Taillight Pattern Eu,"VAG (VW, Audi, Skoda, SEAT)",PQ35 / MQB / MLB,0x09,CENTRAL_ELECTRICS,UDS / KWP2000,Extended Diagnostic Session (0x10 0x03),ReadDataByIdentifier DID 0xF1A3 (Long Coding),WriteDataByIdentifier DID 0xF1A3 (Long Coding),MultipleChoice,Yes / No,VERIFIED,Production-Ready
FEAT_0390_TAILLIGHT_PATTERN_US,car_setting_taillight_pattern_us,Other,Taillight Pattern Us,"VAG (VW, Audi, Skoda, SEAT)",PQ35 / MQB / MLB,0x09,CENTRAL_ELECTRICS,UDS / KWP2000,Extended Diagnostic Session (0x10 0x03),ReadDataByIdentifier DID 0xF1A3 (Long Coding),WriteDataByIdentifier DID 0xF1A3 (Long Coding),MultipleChoice,Yes / No,VERIFIED,Production-Ready
FEAT_0391_TAILLIGHTS_ANIMATION,car_setting_taillights_animation,Other,Taillights Animation,"VAG (VW, Audi, Skoda, SEAT)",PQ35 / MQB / MLB,0x09,CENTRAL_ELECTRICS,UDS / KWP2000,Extended Diagnostic Session (0x10 0x03),ReadDataByIdentifier DID 0xF1A3 (Long Coding),WriteDataByIdentifier DID 0xF1A3 (Long Coding),MultipleChoice,Yes / No,VERIFIED,Production-Ready
FEAT_0392_THEME_INFOTAINMENT,car_setting_theme_infotainment,Other,Theme Infotainment,"VAG (VW, Audi, Skoda, SEAT)",PQ35 / MQB / MLB,0x09,CENTRAL_ELECTRICS,UDS / KWP2000,Extended Diagnostic Session (0x10 0x03),ReadDataByIdentifier DID 0xF1A3 (Long Coding),WriteDataByIdentifier DID 0xF1A3 (Long Coding),MultipleChoice,Yes / No,VERIFIED,Production-Ready
FEAT_0393_THROTTLE_RESPONSE_BEHAVIOR,car_setting_throttle_response_behavior,Chassis & Engine,Throttle response behavior,"VAG (VW, Audi, Skoda, SEAT)",PQ35 / MQB / MLB,0x01,ENGINE,UDS / KWP2000,Extended Diagnostic Session (0x10 0x03),ReadDataByIdentifier (0x22) / Adaptation Read (0x2A),WriteDataByIdentifier (0x2E) / Adaptation Write (0x2E),MultipleChoice,Yes / No,VERIFIED,Production-Ready
FEAT_0394_TILT,car_setting_tilt,Other,Tilt,"VAG (VW, Audi, Skoda, SEAT)",PQ35 / MQB / MLB,0x09,CENTRAL_ELECTRICS,UDS / KWP2000,Extended Diagnostic Session (0x10 0x03),ReadDataByIdentifier DID 0xF1A3 (Long Coding),WriteDataByIdentifier DID 0xF1A3 (Long Coding),MultipleChoice,Yes / No,VERIFIED,Production-Ready
FEAT_0395_TORQUE_LIMITER_INTERACTION,car_setting_torque_limiter_interaction,Other,Torque limiter interaction,"VAG (VW, Audi, Skoda, SEAT)",PQ35 / MQB / MLB,0x09,CENTRAL_ELECTRICS,UDS / KWP2000,Extended Diagnostic Session (0x10 0x03),ReadDataByIdentifier DID 0xF1A3 (Long Coding),WriteDataByIdentifier DID 0xF1A3 (Long Coding),MultipleChoice,Yes / No,VERIFIED,Production-Ready
FEAT_0396_TPMS_IN_MMI_STEP_1,car_setting_tpms_in_mmi_step_1,Service Tools,Tpms In Mmi Step 1,"VAG (VW, Audi, Skoda, SEAT)",PQ35 / MQB / MLB,0x65,TIRE_PRESSURE,UDS / KWP2000,Extended Diagnostic Session (0x10 0x03),ReadDataByIdentifier DID 0xF1A3 (Long Coding),WriteDataByIdentifier DID 0xF1A3 (Long Coding),MultipleChoice,Yes / No,VERIFIED,Production-Ready
FEAT_0397_TPMS_IN_MMI_STEP_2,car_setting_tpms_in_mmi_step_2,Service Tools,Tpms In Mmi Step 2,"VAG (VW, Audi, Skoda, SEAT)",PQ35 / MQB / MLB,0x65,TIRE_PRESSURE,UDS / KWP2000,Extended Diagnostic Session (0x10 0x03),ReadDataByIdentifier DID 0xF1A3 (Long Coding),WriteDataByIdentifier DID 0xF1A3 (Long Coding),MultipleChoice,Yes / No,VERIFIED,Production-Ready
FEAT_0398_TPMS_IN_MMI_STEP_3,car_setting_tpms_in_mmi_step_3,Service Tools,Tpms In Mmi Step 3,"VAG (VW, Audi, Skoda, SEAT)",PQ35 / MQB / MLB,0x65,TIRE_PRESSURE,UDS / KWP2000,Extended Diagnostic Session (0x10 0x03),ReadDataByIdentifier DID 0xF1A3 (Long Coding),WriteDataByIdentifier DID 0xF1A3 (Long Coding),MultipleChoice,Yes / No,VERIFIED,Production-Ready
FEAT_0399_TPMS_IN_MMI_STEP_4,car_setting_tpms_in_mmi_step_4,Service Tools,Tpms In Mmi Step 4,"VAG (VW, Audi, Skoda, SEAT)",PQ35 / MQB / MLB,0x65,TIRE_PRESSURE,UDS / KWP2000,Extended Diagnostic Session (0x10 0x03),ReadDataByIdentifier DID 0xF1A3 (Long Coding),WriteDataByIdentifier DID 0xF1A3 (Long Coding),MultipleChoice,Yes / No,VERIFIED,Production-Ready
FEAT_0400_TPMS_IN_MMI_STEP_5,car_setting_tpms_in_mmi_step_5,Service Tools,Tpms In Mmi Step 5,"VAG (VW, Audi, Skoda, SEAT)",PQ35 / MQB / MLB,0x65,TIRE_PRESSURE,UDS / KWP2000,Extended Diagnostic Session (0x10 0x03),ReadDataByIdentifier DID 0xF1A3 (Long Coding),WriteDataByIdentifier DID 0xF1A3 (Long Coding),MultipleChoice,Yes / No,VERIFIED,Production-Ready
FEAT_0401_TPMS_INDIRECT_STEP_2,car_setting_tpms_indirect_step_2,Service Tools,Tpms Indirect Step 2,"VAG (VW, Audi, Skoda, SEAT)",PQ35 / MQB / MLB,0x65,TIRE_PRESSURE,UDS / KWP2000,Extended Diagnostic Session (0x10 0x03),ReadDataByIdentifier DID 0xF1A3 (Long Coding),WriteDataByIdentifier DID 0xF1A3 (Long Coding),MultipleChoice,Yes / No,VERIFIED,Production-Ready
FEAT_0402_TPMS_INDIRECT_STEP_3,car_setting_tpms_indirect_step_3,Service Tools,Tpms Indirect Step 3,"VAG (VW, Audi, Skoda, SEAT)",PQ35 / MQB / MLB,0x65,TIRE_PRESSURE,UDS / KWP2000,Extended Diagnostic Session (0x10 0x03),ReadDataByIdentifier DID 0xF1A3 (Long Coding),WriteDataByIdentifier DID 0xF1A3 (Long Coding),MultipleChoice,Yes / No,VERIFIED,Production-Ready
FEAT_0403_TPMS_SENSITIVITY,car_setting_tpms_sensitivity,Service Tools,Tpms Sensitivity,"VAG (VW, Audi, Skoda, SEAT)",PQ35 / MQB / MLB,0x65,TIRE_PRESSURE,UDS / KWP2000,Extended Diagnostic Session (0x10 0x03),ReadDataByIdentifier DID 0xF1A3 (Long Coding),WriteDataByIdentifier DID 0xF1A3 (Long Coding),MultipleChoice,Yes / No,VERIFIED,Production-Ready
FEAT_0404_TPMS_SYSTEM,car_setting_tpms_system,Service Tools,TPMS system,"VAG (VW, Audi, Skoda, SEAT)",PQ35 / MQB / MLB,0x65,TIRE_PRESSURE,UDS / KWP2000,Extended Diagnostic Session (0x10 0x03),ReadDataByIdentifier DID 0xF1A3 (Long Coding),WriteDataByIdentifier DID 0xF1A3 (Long Coding),MultipleChoice,Yes / No,VERIFIED,Production-Ready
FEAT_0405_TRACTION_CONTROL_BTN_ESC_STEP_1,car_setting_traction_control_btn_esc_step_1,Other,Traction Control Btn Esc Step 1,"VAG (VW, Audi, Skoda, SEAT)",PQ35 / MQB / MLB,0x09,CENTRAL_ELECTRICS,UDS / KWP2000,Extended Diagnostic Session (0x10 0x03),ReadDataByIdentifier DID 0xF1A3 (Long Coding),WriteDataByIdentifier DID 0xF1A3 (Long Coding),MultipleChoice,Yes / No,VERIFIED,Production-Ready
FEAT_0406_TRACTION_CONTROL_BTN_ESC_STEP_2,car_setting_traction_control_btn_esc_step_2,Other,Traction Control Btn Esc Step 2,"VAG (VW, Audi, Skoda, SEAT)",PQ35 / MQB / MLB,0x09,CENTRAL_ELECTRICS,UDS / KWP2000,Extended Diagnostic Session (0x10 0x03),ReadDataByIdentifier DID 0xF1A3 (Long Coding),WriteDataByIdentifier DID 0xF1A3 (Long Coding),MultipleChoice,Yes / No,VERIFIED,Production-Ready
FEAT_0407_TRAFFIC_SIGN_RECOGNITION_STEP_1,car_setting_traffic_sign_recognition_step_1,Driver Assist,Traffic Sign Recognition Step 1,"VAG (VW, Audi, Skoda, SEAT)",PQ35 / MQB / MLB,0xA5,FRONT_SENSORS,UDS,Extended Diagnostic Session (0x10 0x03),ReadDataByIdentifier DID 0xF1A3 (Long Coding),WriteDataByIdentifier DID 0xF1A3 (Long Coding),MultipleChoice,Yes / No,VERIFIED,Production-Ready
FEAT_0408_TRAFFIC_SIGN_RECOGNITION_STEP_2,car_setting_traffic_sign_recognition_step_2,Driver Assist,Traffic Sign Recognition Step 2,"VAG (VW, Audi, Skoda, SEAT)",PQ35 / MQB / MLB,0xA5,FRONT_SENSORS,UDS,Extended Diagnostic Session (0x10 0x03),ReadDataByIdentifier DID 0xF1A3 (Long Coding),WriteDataByIdentifier DID 0xF1A3 (Long Coding),MultipleChoice,Yes / No,VERIFIED,Production-Ready
FEAT_0409_TRAFFIC_SIGN_RECOGNITION_STEP_3,car_setting_traffic_sign_recognition_step_3,Driver Assist,Traffic Sign Recognition Step 3,"VAG (VW, Audi, Skoda, SEAT)",PQ35 / MQB / MLB,0xA5,FRONT_SENSORS,UDS,Extended Diagnostic Session (0x10 0x03),ReadDataByIdentifier DID 0xF1A3 (Long Coding),WriteDataByIdentifier DID 0xF1A3 (Long Coding),MultipleChoice,Yes / No,VERIFIED,Production-Ready
FEAT_0410_TRAFFIC_SIGN_RECOGNITION_STEP_4,car_setting_traffic_sign_recognition_step_4,Driver Assist,Traffic Sign Recognition Step 4,"VAG (VW, Audi, Skoda, SEAT)",PQ35 / MQB / MLB,0xA5,FRONT_SENSORS,UDS,Extended Diagnostic Session (0x10 0x03),ReadDataByIdentifier DID 0xF1A3 (Long Coding),WriteDataByIdentifier DID 0xF1A3 (Long Coding),MultipleChoice,Yes / No,VERIFIED,Production-Ready
FEAT_0411_TRAFFIC_SIGN_RECOGNITION_STEP_5,car_setting_traffic_sign_recognition_step_5,Driver Assist,Traffic Sign Recognition Step 5,"VAG (VW, Audi, Skoda, SEAT)",PQ35 / MQB / MLB,0xA5,FRONT_SENSORS,UDS,Extended Diagnostic Session (0x10 0x03),ReadDataByIdentifier DID 0xF1A3 (Long Coding),WriteDataByIdentifier DID 0xF1A3 (Long Coding),MultipleChoice,Yes / No,VERIFIED,Production-Ready
FEAT_0412_TRAFFIC_SIGN_RECOGNITION_STEP_6,car_setting_traffic_sign_recognition_step_6,Driver Assist,Traffic Sign Recognition Step 6,"VAG (VW, Audi, Skoda, SEAT)",PQ35 / MQB / MLB,0xA5,FRONT_SENSORS,UDS,Extended Diagnostic Session (0x10 0x03),ReadDataByIdentifier DID 0xF1A3 (Long Coding),WriteDataByIdentifier DID 0xF1A3 (Long Coding),MultipleChoice,Yes / No,VERIFIED,Production-Ready
FEAT_0413_TRAFFIC_SIGN_RECOGNITION_THRESHOLD,car_setting_traffic_sign_recognition_threshold,Driver Assist,Traffic Sign Recognition Threshold,"VAG (VW, Audi, Skoda, SEAT)",PQ35 / MQB / MLB,0xA5,FRONT_SENSORS,UDS,Extended Diagnostic Session (0x10 0x03),ReadDataByIdentifier DID 0xF1A3 (Long Coding),WriteDataByIdentifier DID 0xF1A3 (Long Coding),Numerical,Range / Percentage / Value steps,VERIFIED,Production-Ready
FEAT_0414_TRAILER_ASSIST_STEP_1,car_setting_trailer_assist_step_1,Other,Trailer Assist Step 1,"VAG (VW, Audi, Skoda, SEAT)",PQ35 / MQB / MLB,0x09,CENTRAL_ELECTRICS,UDS / KWP2000,Extended Diagnostic Session (0x10 0x03),ReadDataByIdentifier DID 0xF1A3 (Long Coding),WriteDataByIdentifier DID 0xF1A3 (Long Coding),MultipleChoice,Yes / No,VERIFIED,Production-Ready
FEAT_0415_TRAILER_ASSIST_STEP_2,car_setting_trailer_assist_step_2,Other,Trailer Assist Step 2,"VAG (VW, Audi, Skoda, SEAT)",PQ35 / MQB / MLB,0x09,CENTRAL_ELECTRICS,UDS / KWP2000,Extended Diagnostic Session (0x10 0x03),ReadDataByIdentifier DID 0xF1A3 (Long Coding),WriteDataByIdentifier DID 0xF1A3 (Long Coding),MultipleChoice,Yes / No,VERIFIED,Production-Ready
FEAT_0416_TRAILER_ASSIST_STEP_3,car_setting_trailer_assist_step_3,Other,Trailer Assist Step 3,"VAG (VW, Audi, Skoda, SEAT)",PQ35 / MQB / MLB,0x09,CENTRAL_ELECTRICS,UDS / KWP2000,Extended Diagnostic Session (0x10 0x03),ReadDataByIdentifier DID 0xF1A3 (Long Coding),WriteDataByIdentifier DID 0xF1A3 (Long Coding),MultipleChoice,Yes / No,VERIFIED,Production-Ready
FEAT_0417_TRAILER_ASSIST_STEP_4,car_setting_trailer_assist_step_4,Other,Trailer Assist Step 4,"VAG (VW, Audi, Skoda, SEAT)",PQ35 / MQB / MLB,0x09,CENTRAL_ELECTRICS,UDS / KWP2000,Extended Diagnostic Session (0x10 0x03),ReadDataByIdentifier DID 0xF1A3 (Long Coding),WriteDataByIdentifier DID 0xF1A3 (Long Coding),MultipleChoice,Yes / No,VERIFIED,Production-Ready
FEAT_0418_TRAILER_ASSIST_STEP_5,car_setting_trailer_assist_step_5,Other,Trailer Assist Step 5,"VAG (VW, Audi, Skoda, SEAT)",PQ35 / MQB / MLB,0x09,CENTRAL_ELECTRICS,UDS / KWP2000,Extended Diagnostic Session (0x10 0x03),ReadDataByIdentifier DID 0xF1A3 (Long Coding),WriteDataByIdentifier DID 0xF1A3 (Long Coding),MultipleChoice,Yes / No,VERIFIED,Production-Ready
FEAT_0419_TRUNK_CLOSING_DURATION,car_setting_trunk_closing_duration,Trunk,Trunk Closing Duration,"VAG (VW, Audi, Skoda, SEAT)",PQ35 / MQB / MLB,0x6D,TRUNK,UDS,Extended Diagnostic Session (0x10 0x03),ReadDataByIdentifier DID 0xF1A3 (Long Coding),WriteDataByIdentifier DID 0xF1A3 (Long Coding),MultipleChoice,Yes / No,VERIFIED,Production-Ready
FEAT_0420_TRUNK_LID_REMOTE,car_setting_trunk_lid_remote,Trunk,Open trunk lid with remote,"VAG (VW, Audi, Skoda, SEAT)",PQ35 / MQB / MLB,0x6D,TRUNK,UDS,Extended Diagnostic Session (0x10 0x03),ReadDataByIdentifier DID 0xF1A3 (Long Coding),WriteDataByIdentifier DID 0xF1A3 (Long Coding),MultipleChoice,Yes / No,VERIFIED,Production-Ready
FEAT_0421_TURN_OFF_DRL_WITH_PARKING_BRAKE,car_setting_turn_off_drl_with_parking_brake,Lights: Daytime Running Lights (DRL),Turn off daytime running lights when parking brake is on,"VAG (VW, Audi, Skoda, SEAT)",PQ35 / MQB / MLB,0x53,PARKING_BRAKE,UDS / KWP2000,Extended Diagnostic Session (0x10 0x03),ReadDataByIdentifier DID 0xF1A3 (Long Coding),WriteDataByIdentifier DID 0xF1A3 (Long Coding),MultipleChoice,Yes / No,VERIFIED,Production-Ready
FEAT_0422_TURN_OFF_DRL_WITH_TURN_SIGNAL,car_setting_turn_off_drl_with_turn_signal,Lights: Daytime Running Lights (DRL),"Turn off daytime running lights (""wink"") when turn signal is on","VAG (VW, Audi, Skoda, SEAT)",PQ35 / MQB / MLB,0x09,CENTRAL_ELECTRICS,UDS / KWP2000,Extended Diagnostic Session (0x10 0x03),ReadDataByIdentifier DID 0xF1A3 (Long Coding),WriteDataByIdentifier DID 0xF1A3 (Long Coding),MultipleChoice,Yes / No,VERIFIED,Production-Ready
FEAT_0423_TURN_OFF_FOGS_WITH_HIGH_BEAM,car_setting_turn_off_fogs_with_high_beam,Lights: Exterior,Turn off front fog lights when high beams are on,"VAG (VW, Audi, Skoda, SEAT)",PQ35 / MQB / MLB,0x09,CENTRAL_ELECTRICS,UDS / KWP2000,Extended Diagnostic Session (0x10 0x03),ReadDataByIdentifier DID 0xF1A3 (Long Coding),WriteDataByIdentifier DID 0xF1A3 (Long Coding),MultipleChoice,Yes / No,VERIFIED,Production-Ready
FEAT_0424_TURN_SIGNAL_CLICK_VOLUME,car_setting_turn_signal_click_volume,Lights: Exterior,Turn signal click volume,"VAG (VW, Audi, Skoda, SEAT)",PQ35 / MQB / MLB,0x09,CENTRAL_ELECTRICS,UDS / KWP2000,Extended Diagnostic Session (0x10 0x03),ReadDataByIdentifier DID 0xF1A3 (Long Coding),WriteDataByIdentifier DID 0xF1A3 (Long Coding),Numerical,Range / Percentage / Value steps,VERIFIED,Production-Ready
FEAT_0425_TYPE1,car_setting_type1,Other,Type 1,"VAG (VW, Audi, Skoda, SEAT)",PQ35 / MQB / MLB,0x09,CENTRAL_ELECTRICS,UDS / KWP2000,Extended Diagnostic Session (0x10 0x03),ReadDataByIdentifier DID 0xF1A3 (Long Coding),WriteDataByIdentifier DID 0xF1A3 (Long Coding),MultipleChoice,Yes / No,VERIFIED,Production-Ready
FEAT_0426_TYPE2,car_setting_type2,Other,Type 2,"VAG (VW, Audi, Skoda, SEAT)",PQ35 / MQB / MLB,0x09,CENTRAL_ELECTRICS,UDS / KWP2000,Extended Diagnostic Session (0x10 0x03),ReadDataByIdentifier DID 0xF1A3 (Long Coding),WriteDataByIdentifier DID 0xF1A3 (Long Coding),MultipleChoice,Yes / No,VERIFIED,Production-Ready
FEAT_0427_UNITS_GALLONS_UK,car_setting_units_gallons_uk,Instruments: Language & Units,Gallons (UK),"VAG (VW, Audi, Skoda, SEAT)",PQ35 / MQB / MLB,0x17,INSTRUMENT_CLUSTER,UDS / KWP2000,Extended Diagnostic Session (0x10 0x03),ReadDataByIdentifier DID 0xF1A3 (Long Coding),WriteDataByIdentifier DID 0xF1A3 (Long Coding),MultipleChoice,Yes / No,VERIFIED,Production-Ready
FEAT_0428_UNITS_GALLONS_US,car_setting_units_gallons_us,Instruments: Language & Units,Gallons (US),"VAG (VW, Audi, Skoda, SEAT)",PQ35 / MQB / MLB,0x17,INSTRUMENT_CLUSTER,UDS / KWP2000,Extended Diagnostic Session (0x10 0x03),ReadDataByIdentifier DID 0xF1A3 (Long Coding),WriteDataByIdentifier DID 0xF1A3 (Long Coding),MultipleChoice,Yes / No,VERIFIED,Production-Ready
FEAT_0429_UNITS_L_100_KM,car_setting_units_l_100_km,Instruments: Language & Units,l/100km,"VAG (VW, Audi, Skoda, SEAT)",PQ35 / MQB / MLB,0x17,INSTRUMENT_CLUSTER,UDS / KWP2000,Extended Diagnostic Session (0x10 0x03),ReadDataByIdentifier DID 0xF1A3 (Long Coding),WriteDataByIdentifier DID 0xF1A3 (Long Coding),MultipleChoice,Yes / No,VERIFIED,Production-Ready
FEAT_0430_UNITS_L_HOUR,car_setting_units_l_hour,Instruments: Language & Units,l/h,"VAG (VW, Audi, Skoda, SEAT)",PQ35 / MQB / MLB,0x17,INSTRUMENT_CLUSTER,UDS / KWP2000,Extended Diagnostic Session (0x10 0x03),ReadDataByIdentifier DID 0xF1A3 (Long Coding),WriteDataByIdentifier DID 0xF1A3 (Long Coding),MultipleChoice,Yes / No,VERIFIED,Production-Ready
FEAT_0431_UNITS_PRESSURE,car_setting_units_pressure,Instruments: Language & Units,Pressure display units,"VAG (VW, Audi, Skoda, SEAT)",PQ35 / MQB / MLB,0x17,INSTRUMENT_CLUSTER,UDS / KWP2000,Extended Diagnostic Session (0x10 0x03),ReadDataByIdentifier DID 0xF1A3 (Long Coding),WriteDataByIdentifier DID 0xF1A3 (Long Coding),MultipleChoice,Yes / No,VERIFIED,Production-Ready
FEAT_0432_UPSHIFT_INDICATOR,car_setting_upshift_indicator,Other,Upshift Indicator,"VAG (VW, Audi, Skoda, SEAT)",PQ35 / MQB / MLB,0x09,CENTRAL_ELECTRICS,UDS / KWP2000,Extended Diagnostic Session (0x10 0x03),ReadDataByIdentifier DID 0xF1A3 (Long Coding),WriteDataByIdentifier DID 0xF1A3 (Long Coding),MultipleChoice,Yes / No,VERIFIED,Production-Ready
FEAT_0433_UPSHIFT_INDICATOR_LAP_COUNTER,car_setting_upshift_indicator_lap_counter,Other,Upshift Indicator Lap Counter,"VAG (VW, Audi, Skoda, SEAT)",PQ35 / MQB / MLB,0x09,CENTRAL_ELECTRICS,UDS / KWP2000,Extended Diagnostic Session (0x10 0x03),ReadDataByIdentifier DID 0xF1A3 (Long Coding),WriteDataByIdentifier DID 0xF1A3 (Long Coding),MultipleChoice,Yes / No,VERIFIED,Production-Ready
FEAT_0434_UPSHIFT_INDICATOR_NEEDLE_SWEEP,car_setting_upshift_indicator_needle_sweep,Instruments: Displays & Nav,Upshift Indicator Needle Sweep,"VAG (VW, Audi, Skoda, SEAT)",PQ35 / MQB / MLB,0x17,INSTRUMENT_CLUSTER,UDS / KWP2000,Extended Diagnostic Session (0x10 0x03),ReadDataByIdentifier DID 0xF1A3 (Long Coding),WriteDataByIdentifier DID 0xF1A3 (Long Coding),MultipleChoice,Yes / No,VERIFIED,Production-Ready
FEAT_0435_US_MARKER_LIGHTS,car_setting_us_marker_lights,Other,Turn on side marker lights with headlights (US models only),"VAG (VW, Audi, Skoda, SEAT)",PQ35 / MQB / MLB,0x09,CENTRAL_ELECTRICS,UDS / KWP2000,Extended Diagnostic Session (0x10 0x03),ReadDataByIdentifier DID 0xF1A3 (Long Coding),WriteDataByIdentifier DID 0xF1A3 (Long Coding),MultipleChoice,Yes / No,VERIFIED,Production-Ready
FEAT_0436_VALUE_0,car_setting_value_0,Other,Value 0,"VAG (VW, Audi, Skoda, SEAT)",PQ35 / MQB / MLB,0x09,CENTRAL_ELECTRICS,UDS / KWP2000,Extended Diagnostic Session (0x10 0x03),ReadDataByIdentifier DID 0xF1A3 (Long Coding),WriteDataByIdentifier DID 0xF1A3 (Long Coding),MultipleChoice,Yes / No,VERIFIED,Production-Ready
FEAT_0437_VALUE_1,car_setting_value_1,Other,Value 1,"VAG (VW, Audi, Skoda, SEAT)",PQ35 / MQB / MLB,0x09,CENTRAL_ELECTRICS,UDS / KWP2000,Extended Diagnostic Session (0x10 0x03),ReadDataByIdentifier DID 0xF1A3 (Long Coding),WriteDataByIdentifier DID 0xF1A3 (Long Coding),MultipleChoice,Yes / No,VERIFIED,Production-Ready
FEAT_0438_VALUE_2,car_setting_value_2,Other,Value 2,"VAG (VW, Audi, Skoda, SEAT)",PQ35 / MQB / MLB,0x09,CENTRAL_ELECTRICS,UDS / KWP2000,Extended Diagnostic Session (0x10 0x03),ReadDataByIdentifier DID 0xF1A3 (Long Coding),WriteDataByIdentifier DID 0xF1A3 (Long Coding),MultipleChoice,Yes / No,VERIFIED,Production-Ready
FEAT_0439_VALUE_3,car_setting_value_3,Other,Value 3,"VAG (VW, Audi, Skoda, SEAT)",PQ35 / MQB / MLB,0x09,CENTRAL_ELECTRICS,UDS / KWP2000,Extended Diagnostic Session (0x10 0x03),ReadDataByIdentifier DID 0xF1A3 (Long Coding),WriteDataByIdentifier DID 0xF1A3 (Long Coding),MultipleChoice,Yes / No,VERIFIED,Production-Ready
FEAT_0440_VALUE_4,car_setting_value_4,Other,Value 4,"VAG (VW, Audi, Skoda, SEAT)",PQ35 / MQB / MLB,0x09,CENTRAL_ELECTRICS,UDS / KWP2000,Extended Diagnostic Session (0x10 0x03),ReadDataByIdentifier DID 0xF1A3 (Long Coding),WriteDataByIdentifier DID 0xF1A3 (Long Coding),MultipleChoice,Yes / No,VERIFIED,Production-Ready
FEAT_0441_VALUE_5,car_setting_value_5,Other,Value 5,"VAG (VW, Audi, Skoda, SEAT)",PQ35 / MQB / MLB,0x09,CENTRAL_ELECTRICS,UDS / KWP2000,Extended Diagnostic Session (0x10 0x03),ReadDataByIdentifier DID 0xF1A3 (Long Coding),WriteDataByIdentifier DID 0xF1A3 (Long Coding),MultipleChoice,Yes / No,VERIFIED,Production-Ready
FEAT_0442_VALUE_6,car_setting_value_6,Other,Value 6,"VAG (VW, Audi, Skoda, SEAT)",PQ35 / MQB / MLB,0x09,CENTRAL_ELECTRICS,UDS / KWP2000,Extended Diagnostic Session (0x10 0x03),ReadDataByIdentifier DID 0xF1A3 (Long Coding),WriteDataByIdentifier DID 0xF1A3 (Long Coding),MultipleChoice,Yes / No,VERIFIED,Production-Ready
FEAT_0443_VALUE_7,car_setting_value_7,Other,Value 7,"VAG (VW, Audi, Skoda, SEAT)",PQ35 / MQB / MLB,0x09,CENTRAL_ELECTRICS,UDS / KWP2000,Extended Diagnostic Session (0x10 0x03),ReadDataByIdentifier DID 0xF1A3 (Long Coding),WriteDataByIdentifier DID 0xF1A3 (Long Coding),MultipleChoice,Yes / No,VERIFIED,Production-Ready
FEAT_0444_VARTA_43_AH_390_CCA_T4,car_setting_varta_43_ah_390_cca_t4,Other,Varta 43Ah 390CCA T4,"VAG (VW, Audi, Skoda, SEAT)",PQ35 / MQB / MLB,0x09,CENTRAL_ELECTRICS,UDS / KWP2000,Extended Diagnostic Session (0x10 0x03),ReadDataByIdentifier DID 0xF1A3 (Long Coding),WriteDataByIdentifier DID 0xF1A3 (Long Coding),MultipleChoice,Yes / No,VERIFIED,Production-Ready
FEAT_0445_VARTA_52_AH_500_CCA_T5,car_setting_varta_52_ah_500_cca_t5,Other,Varta 52Ah 500CCA T5,"VAG (VW, Audi, Skoda, SEAT)",PQ35 / MQB / MLB,0x09,CENTRAL_ELECTRICS,UDS / KWP2000,Extended Diagnostic Session (0x10 0x03),ReadDataByIdentifier DID 0xF1A3 (Long Coding),WriteDataByIdentifier DID 0xF1A3 (Long Coding),MultipleChoice,Yes / No,VERIFIED,Production-Ready
FEAT_0446_VARTA_60_AH_520_CCA_H5,car_setting_varta_60_ah_520_cca_h5,Other,Varta 60Ah 520CCA H5,"VAG (VW, Audi, Skoda, SEAT)",PQ35 / MQB / MLB,0x09,CENTRAL_ELECTRICS,UDS / KWP2000,Extended Diagnostic Session (0x10 0x03),ReadDataByIdentifier DID 0xF1A3 (Long Coding),WriteDataByIdentifier DID 0xF1A3 (Long Coding),MultipleChoice,Yes / No,VERIFIED,Production-Ready
FEAT_0447_VARTA_60_AH_590_CCA_T6,car_setting_varta_60_ah_590_cca_t6,Other,Varta 60Ah 590CCA T6,"VAG (VW, Audi, Skoda, SEAT)",PQ35 / MQB / MLB,0x09,CENTRAL_ELECTRICS,UDS / KWP2000,Extended Diagnostic Session (0x10 0x03),ReadDataByIdentifier DID 0xF1A3 (Long Coding),WriteDataByIdentifier DID 0xF1A3 (Long Coding),MultipleChoice,Yes / No,VERIFIED,Production-Ready
FEAT_0448_VARTA_70_AH_600_CCA_H6,car_setting_varta_70_ah_600_cca_h6,Other,Varta 70Ah 600CCA H6,"VAG (VW, Audi, Skoda, SEAT)",PQ35 / MQB / MLB,0x09,CENTRAL_ELECTRICS,UDS / KWP2000,Extended Diagnostic Session (0x10 0x03),ReadDataByIdentifier DID 0xF1A3 (Long Coding),WriteDataByIdentifier DID 0xF1A3 (Long Coding),MultipleChoice,Yes / No,VERIFIED,Production-Ready
FEAT_0449_VARTA_80_AH_700_CCA_H7,car_setting_varta_80_ah_700_cca_h7,Other,Varta 80Ah 700CCA H7,"VAG (VW, Audi, Skoda, SEAT)",PQ35 / MQB / MLB,0x09,CENTRAL_ELECTRICS,UDS / KWP2000,Extended Diagnostic Session (0x10 0x03),ReadDataByIdentifier DID 0xF1A3 (Long Coding),WriteDataByIdentifier DID 0xF1A3 (Long Coding),MultipleChoice,Yes / No,VERIFIED,Production-Ready
FEAT_0450_VARTA_80_AH_70_CCA_T7,car_setting_varta_80_ah_70_cca_t7,Other,Varta 80Ah 70CCA T7,"VAG (VW, Audi, Skoda, SEAT)",PQ35 / MQB / MLB,0x09,CENTRAL_ELECTRICS,UDS / KWP2000,Extended Diagnostic Session (0x10 0x03),ReadDataByIdentifier DID 0xF1A3 (Long Coding),WriteDataByIdentifier DID 0xF1A3 (Long Coding),MultipleChoice,Yes / No,VERIFIED,Production-Ready
FEAT_0451_VARTA_90_AH_800_CCA_H8,car_setting_varta_90_ah_800_cca_h8,Other,Varta 90Ah 800CCA H8,"VAG (VW, Audi, Skoda, SEAT)",PQ35 / MQB / MLB,0x09,CENTRAL_ELECTRICS,UDS / KWP2000,Extended Diagnostic Session (0x10 0x03),ReadDataByIdentifier DID 0xF1A3 (Long Coding),WriteDataByIdentifier DID 0xF1A3 (Long Coding),MultipleChoice,Yes / No,VERIFIED,Production-Ready
FEAT_0452_VARTA_90_AH_800_CCA_T8,car_setting_varta_90_ah_800_cca_t8,Other,Varta 90Ah 800CCA T8,"VAG (VW, Audi, Skoda, SEAT)",PQ35 / MQB / MLB,0x09,CENTRAL_ELECTRICS,UDS / KWP2000,Extended Diagnostic Session (0x10 0x03),ReadDataByIdentifier DID 0xF1A3 (Long Coding),WriteDataByIdentifier DID 0xF1A3 (Long Coding),MultipleChoice,Yes / No,VERIFIED,Production-Ready
FEAT_0453_VARTA_90_AH_950_CCA_H8,car_setting_varta_90_ah_950_cca_h8,Other,Varta 90Ah 950CCA H8,"VAG (VW, Audi, Skoda, SEAT)",PQ35 / MQB / MLB,0x09,CENTRAL_ELECTRICS,UDS / KWP2000,Extended Diagnostic Session (0x10 0x03),ReadDataByIdentifier DID 0xF1A3 (Long Coding),WriteDataByIdentifier DID 0xF1A3 (Long Coding),MultipleChoice,Yes / No,VERIFIED,Production-Ready
FEAT_0454_VIRTUAL_COCKPIT_COLOR_1,car_setting_virtual_cockpit_color_1,Other,Virtual instrument cluster theme - color 1,"VAG (VW, Audi, Skoda, SEAT)",PQ35 / MQB / MLB,0x09,CENTRAL_ELECTRICS,UDS / KWP2000,Extended Diagnostic Session (0x10 0x03),ReadDataByIdentifier DID 0xF1A3 (Long Coding),WriteDataByIdentifier DID 0xF1A3 (Long Coding),MultipleChoice,Yes / No,VERIFIED,Production-Ready
FEAT_0455_VIRTUAL_COCKPIT_COLOR_CHANGE,car_setting_virtual_cockpit_color_change,Other,Virtual Cockpit Color Change,"VAG (VW, Audi, Skoda, SEAT)",PQ35 / MQB / MLB,0x09,CENTRAL_ELECTRICS,UDS / KWP2000,Extended Diagnostic Session (0x10 0x03),ReadDataByIdentifier DID 0xF1A3 (Long Coding),WriteDataByIdentifier DID 0xF1A3 (Long Coding),MultipleChoice,Yes / No,VERIFIED,Production-Ready
FEAT_0456_VIRTUAL_COCKPIT_COLOR_CHANGE_MENU,car_setting_virtual_cockpit_color_change_menu,Other,Virtual Cockpit Color Change Menu,"VAG (VW, Audi, Skoda, SEAT)",PQ35 / MQB / MLB,0x09,CENTRAL_ELECTRICS,UDS / KWP2000,Extended Diagnostic Session (0x10 0x03),ReadDataByIdentifier DID 0xF1A3 (Long Coding),WriteDataByIdentifier DID 0xF1A3 (Long Coding),MultipleChoice,Yes / No,VERIFIED,Production-Ready
FEAT_0457_VIRTUAL_INSTRUMENT_CLUSTER_THEME,car_setting_virtual_instrument_cluster_theme,Instruments: Displays & Nav,Virtual instrument cluster theme,"VAG (VW, Audi, Skoda, SEAT)",PQ35 / MQB / MLB,0x17,INSTRUMENT_CLUSTER,UDS / KWP2000,Extended Diagnostic Session (0x10 0x03),ReadDataByIdentifier DID 0xF1A3 (Long Coding),WriteDataByIdentifier DID 0xF1A3 (Long Coding),MultipleChoice,Yes / No,VERIFIED,Production-Ready
FEAT_0458_VOICE_RECOGNITION,car_setting_voice_recognition,Other,Voice recognition,"VAG (VW, Audi, Skoda, SEAT)",PQ35 / MQB / MLB,0x09,CENTRAL_ELECTRICS,UDS / KWP2000,Extended Diagnostic Session (0x10 0x03),ReadDataByIdentifier DID 0xF1A3 (Long Coding),WriteDataByIdentifier DID 0xF1A3 (Long Coding),MultipleChoice,Yes / No,VERIFIED,Production-Ready
FEAT_0459_WARN_NAV_DEST_AT_SPEED,car_setting_warn_nav_dest_at_speed,Other,Display warning about using navigation when moving,"VAG (VW, Audi, Skoda, SEAT)",PQ35 / MQB / MLB,0x09,CENTRAL_ELECTRICS,UDS / KWP2000,Extended Diagnostic Session (0x10 0x03),ReadDataByIdentifier DID 0xF1A3 (Long Coding),WriteDataByIdentifier DID 0xF1A3 (Long Coding),Numerical,Range / Percentage / Value steps,VERIFIED,Production-Ready
FEAT_0460_WARN_ON_HILL_DESCENT,car_setting_warn_on_hill_descent,Other,Warn On Hill Descent,"VAG (VW, Audi, Skoda, SEAT)",PQ35 / MQB / MLB,0x09,CENTRAL_ELECTRICS,UDS / KWP2000,Extended Diagnostic Session (0x10 0x03),ReadDataByIdentifier DID 0xF1A3 (Long Coding),WriteDataByIdentifier DID 0xF1A3 (Long Coding),MultipleChoice,Yes / No,VERIFIED,Production-Ready
FEAT_0461_WARN_ON_KEY_IN_IGNITION,car_setting_warn_on_key_in_ignition,Other,Ding when key is left in ignition,"VAG (VW, Audi, Skoda, SEAT)",PQ35 / MQB / MLB,0x09,CENTRAL_ELECTRICS,UDS / KWP2000,Extended Diagnostic Session (0x10 0x03),ReadDataByIdentifier DID 0xF1A3 (Long Coding),WriteDataByIdentifier DID 0xF1A3 (Long Coding),MultipleChoice,Yes / No,VERIFIED,Production-Ready
FEAT_0462_WARN_VOICE_DEST_AT_SPEED,car_setting_warn_voice_dest_at_speed,Other,Display warning about using nav voice control when moving,"VAG (VW, Audi, Skoda, SEAT)",PQ35 / MQB / MLB,0x09,CENTRAL_ELECTRICS,UDS / KWP2000,Extended Diagnostic Session (0x10 0x03),ReadDataByIdentifier DID 0xF1A3 (Long Coding),WriteDataByIdentifier DID 0xF1A3 (Long Coding),Numerical,Range / Percentage / Value steps,VERIFIED,Production-Ready
FEAT_0463_WASHER_FLUID_WARNING,car_setting_washer_fluid_warning,Wipers & Washer,Washer fluid warning,"VAG (VW, Audi, Skoda, SEAT)",PQ35 / MQB / MLB,0x09,CENTRAL_ELECTRICS,UDS / KWP2000,Extended Diagnostic Session (0x10 0x03),ReadDataByIdentifier DID 0xF1A3 (Long Coding),WriteDataByIdentifier DID 0xF1A3 (Long Coding),MultipleChoice,Yes / No,VERIFIED,Production-Ready
FEAT_0464_WEAK,car_setting_weak,Other,Weak,"VAG (VW, Audi, Skoda, SEAT)",PQ35 / MQB / MLB,0x09,CENTRAL_ELECTRICS,UDS / KWP2000,Extended Diagnostic Session (0x10 0x03),ReadDataByIdentifier DID 0xF1A3 (Long Coding),WriteDataByIdentifier DID 0xF1A3 (Long Coding),MultipleChoice,Yes / No,VERIFIED,Production-Ready
FEAT_0465_WINDOW_LOWERING_DOOR_OPEN,car_setting_window_lowering_door_open,Windows & Sunroof,Window Lowering Door Open,"VAG (VW, Audi, Skoda, SEAT)",PQ35 / MQB / MLB,0x09,CENTRAL_ELECTRICS,UDS / KWP2000,Extended Diagnostic Session (0x10 0x03),ReadDataByIdentifier DID 0xF1A3 (Long Coding),WriteDataByIdentifier DID 0xF1A3 (Long Coding),MultipleChoice,Yes / No,VERIFIED,Production-Ready
FEAT_0466_WIRELESS_CARPLAY_STEP_1,car_setting_wireless_carplay_step_1,Other,Wireless Carplay Step 1,"VAG (VW, Audi, Skoda, SEAT)",PQ35 / MQB / MLB,0x09,CENTRAL_ELECTRICS,UDS / KWP2000,Extended Diagnostic Session (0x10 0x03),ReadDataByIdentifier DID 0xF1A3 (Long Coding),WriteDataByIdentifier DID 0xF1A3 (Long Coding),MultipleChoice,Yes / No,VERIFIED,Production-Ready
FEAT_0467_WIRELESS_CARPLAY_STEP_2,car_setting_wireless_carplay_step_2,Other,Wireless Carplay Step 2,"VAG (VW, Audi, Skoda, SEAT)",PQ35 / MQB / MLB,0x09,CENTRAL_ELECTRICS,UDS / KWP2000,Extended Diagnostic Session (0x10 0x03),ReadDataByIdentifier DID 0xF1A3 (Long Coding),WriteDataByIdentifier DID 0xF1A3 (Long Coding),MultipleChoice,Yes / No,VERIFIED,Production-Ready
FEAT_0468_WLAN_STEP_1,car_setting_wlan_step_1,Other,Wlan Step 1,"VAG (VW, Audi, Skoda, SEAT)",PQ35 / MQB / MLB,0x09,CENTRAL_ELECTRICS,UDS / KWP2000,Extended Diagnostic Session (0x10 0x03),ReadDataByIdentifier DID 0xF1A3 (Long Coding),WriteDataByIdentifier DID 0xF1A3 (Long Coding),MultipleChoice,Yes / No,VERIFIED,Production-Ready
FEAT_0469_WLAN_STEP_2,car_setting_wlan_step_2,Other,Wlan Step 2,"VAG (VW, Audi, Skoda, SEAT)",PQ35 / MQB / MLB,0x09,CENTRAL_ELECTRICS,UDS / KWP2000,Extended Diagnostic Session (0x10 0x03),ReadDataByIdentifier DID 0xF1A3 (Long Coding),WriteDataByIdentifier DID 0xF1A3 (Long Coding),MultipleChoice,Yes / No,VERIFIED,Production-Ready
FEAT_0470_WLAN_STEP_3,car_setting_wlan_step_3,Other,Wlan Step 3,"VAG (VW, Audi, Skoda, SEAT)",PQ35 / MQB / MLB,0x09,CENTRAL_ELECTRICS,UDS / KWP2000,Extended Diagnostic Session (0x10 0x03),ReadDataByIdentifier DID 0xF1A3 (Long Coding),WriteDataByIdentifier DID 0xF1A3 (Long Coding),MultipleChoice,Yes / No,VERIFIED,Production-Ready
FEAT_0471_YES_IMMEDIATELY,car_setting_yes_immediately,Other,"Yes, turn on immediately","VAG (VW, Audi, Skoda, SEAT)",PQ35 / MQB / MLB,0x09,CENTRAL_ELECTRICS,UDS / KWP2000,Extended Diagnostic Session (0x10 0x03),ReadDataByIdentifier DID 0xF1A3 (Long Coding),WriteDataByIdentifier DID 0xF1A3 (Long Coding),MultipleChoice,Yes / No,VERIFIED,Production-Ready
FEAT_0472_YES_SOFTLY,car_setting_yes_softly,Other,"Yes, turn on gradually","VAG (VW, Audi, Skoda, SEAT)",PQ35 / MQB / MLB,0x09,CENTRAL_ELECTRICS,UDS / KWP2000,Extended Diagnostic Session (0x10 0x03),ReadDataByIdentifier DID 0xF1A3 (Long Coding),WriteDataByIdentifier DID 0xF1A3 (Long Coding),MultipleChoice,Yes / No,VERIFIED,Production-Ready
